epoch,global_step,learning_rate,generator_learning_rate,L_total,L_K,L_generator,L_multi,L_rec,L_forecast,L_var,L_stability,L_physics,L_mass,L_operator,val_rollout,val_reconstruction,val_mass,val_operator,epoch_time,samples_per_sec,peak_gpu_memory
1,119,0.001,0.005,1.666264822771625,6.542389829160274e-05,0.038237142887982176,0.005505174388436085,0.40429137815282773,0.40406826055909273,0.002296676729062311,2.93825997552496e-05,0.0,0.057307982602447426,0.009879256117221697,0.033290774938428684,0.03321129867718333,0.03819426142034076,0.0007960922205321757,27.535340474918485,137.27812820920605,2906962432
2,238,0.001,0.005,0.0155396388623452,4.185752595625908e-07,0.0002611782055095001,3.494683538837495e-05,0.0037639326094197007,0.0037922918989178947,0.0,1.7748389542808444e-05,9.392482325120243e-05,0.004606433185705177,8.980797685494291e-05,5.391264829605851e-05,5.014851521991659e-05,1.6750860742745102e-05,1.3718227954822872e-06,26.685774035053328,141.64850511867292,2907331072
3,357,0.001,0.005,0.00018584033390864354,2.4685187304716016e-08,3.8551973730569616e-05,2.1169749028217063e-06,3.447467114369227e-05,3.613436500056494e-05,4.438792260501672e-09,1.2944977979281075e-05,5.16712085721304e-07,1.1995447601765153e-05,9.223545412674462e-07,7.159115553977678e-05,4.334940853628463e-05,9.504857802139236e-06,1.2109108570798742e-06,26.983147277962416,140.0874390619062,2906962432
4,476,0.001,0.005,0.0005080957101194789,2.1099332918335783e-08,3.627944032713357e-05,1.7151111080392468e-06,0.00011588128920516403,0.00011735586167704905,0.0,1.1673877694799255e-05,7.232577287747213e-07,9.167671135126886e-06,2.886624344451804e-06,0.0009302364634571686,0.000775592707075356,2.1179543947861625e-05,1.9614038899904005e-05,25.12432235397864,150.4518190279232,2906962432
5,595,0.001,0.005,0.000534651076135339,2.4513422884274886e-08,3.930337069692859e-05,1.957714618136321e-06,0.00012073694908404451,0.0001239474025809344,3.6518418642959593e-09,9.200206276396765e-06,1.1186665370111034e-06,1.0955929562523986e-05,3.0274021501148047e-06,0.00017635607703899345,0.0002390175093924405,3.4161142788694375e-05,5.731499476539847e-06,25.2963905549841,149.42843295306545,2906962432
6,714,0.001,0.005,0.0014674087995281393,5.3581652601015925e-08,5.6910536420733606e-05,4.12414115835514e-06,0.0003491904321308346,0.0003500116634303975,0.0,7.940097260409004e-06,2.998212648120388e-06,2.137535748381447e-05,8.60676899738941e-06,0.0001656473632205494,0.00013702522289046708,1.3694079708990276e-05,3.388142158114317e-06,25.478263591998257,148.36175889110248,2906962432
7,833,0.001,0.005,0.007402474207575088,2.448813780860732e-07,0.0001686092461534793,1.868498953342924e-05,0.0018063577762669415,0.0017793918451557316,0.0,9.319235384460414e-06,2.381890002843214e-05,0.00015479854129191837,4.3692292278349494e-05,0.00014414881048391441,8.247953207631196e-05,1.0864379305530747e-05,2.0968943707495262e-06,25.697550193057396,147.09573370232107,2906962432
8,952,0.001,0.005,0.00013672198067608946,3.083587286605435e-08,4.3613962378234616e-05,2.551567315826317e-06,1.9970385073975196e-05,2.3505306523027625e-05,0.0,3.351390830690559e-06,6.87524845830012e-07,4.367377681215879e-06,5.435140747127786e-07,2.3906073017444993e-05,2.8620641976539488e-05,1.216226372499867e-05,7.692261284492339e-07,25.149408832076006,150.30174368070715,2906962432
9,1071,0.001,0.005,0.000112772074387293,3.5243513034480185e-08,4.466466901167271e-05,2.929645154561888e-06,1.3097229599687068e-05,1.7265799619457943e-05,0.0,3.0951010416097545e-06,1.1773032202250359e-06,6.992691952753318e-06,3.6545317365315505e-07,1.9664204037759365e-05,1.6847018559928984e-05,9.465560342342931e-06,4.7243171717950426e-07,24.977927102008834,151.33361485773557,2906962432
10,1190,0.001,0.005,0.00010284298723538914,4.167987578401432e-08,4.635158833547461e-05,3.4705771401012687e-06,9.718952350864782e-06,1.4474713672402132e-05,0.0,2.855670550281752e-06,8.356659835049826e-07,4.36025230223932e-06,2.8233649501058253e-07,2.1898363238073042e-05,1.9029457758907006e-05,9.51237207551631e-06,5.183256999565683e-07,24.52262379298918,154.14337519138843,2906962432
11,1309,0.001,0.005,0.0001321041526607972,5.053419769225271e-08,4.8897384547951224e-05,4.220065199309608e-06,1.578314124979818e-05,2.1027087438149407e-05,0.0,2.744390185494758e-06,8.212075164809273e-07,3.6740510146412015e-06,4.3198656776343506e-07,3.380057567569782e-05,7.615854303280468e-06,4.7794498150838515e-06,2.993422426589816e-07,25.673229199950583,147.23508174839478,2906962432
12,1428,0.001,0.005,0.00011188577479934171,5.922516628419707e-08,4.9992176108481115e-05,4.945061506491608e-06,9.862909079312992e-06,1.572288744716422e-05,0.0,2.4755425841696765e-06,5.25103435455806e-07,2.3380243587948993e-06,2.874928184841309e-07,2.831605450496898e-05,6.434161412124966e-05,3.3047212322604277e-06,1.5219623362229738e-06,24.78548107203096,152.50863959487637,2906962432
13,1547,0.001,0.005,0.002143322192157111,1.2636693595722035e-07,8.317795825417513e-05,1.0125612841095842e-05,0.0005057183179863305,0.0005096570618830069,0.0,2.427418297807293e-06,8.773157990198964e-06,3.130441438395157e-05,1.2561375567043248e-05,0.0010107200914284303,0.000789478845849988,0.00021892078200922005,2.0134049858218835e-05,25.746053125010803,146.81862037828037,2906962432
14,1666,0.001,0.005,0.0010750487038407417,1.091322032352379e-07,6.571854814263702e-05,9.025215974731879e-06,0.00023846903780217174,0.0002479007242477059,0.0,2.022091400499569e-06,1.822885650060218e-05,8.517759618746549e-05,5.9666863155454185e-06,2.3679389925659745e-05,2.5369674421242615e-05,8.184149590392951e-06,6.486676533140347e-07,26.183264984982088,144.36702230100377,2906962432
15,1785,0.001,0.005,0.0005827553362694012,1.1974831890949558e-07,6.516212372666117e-05,9.935329673305479e-06,0.00012018964877858741,0.00012750525686430384,0.0,1.7225585839629209e-06,2.0407347021857815e-06,7.173446975064017e-06,3.030226535864891e-06,0.00033270755028795627,0.00039273158292330447,5.0372941075779856e-05,9.737578732581044e-06,25.91428587306291,145.86548973472551,2906962432
16,1904,0.001,0.005,0.002824981166012881,2.170730795716168e-07,0.00011357442989715045,1.721537713021183e-05,0.0006636936541076345,0.0006678473456607511,0.0,1.721816098834867e-06,1.3504746937773207e-05,5.112558930570096e-05,1.639814538316507e-05,0.0005926354394649111,0.0004488757772681614,1.637589588469945e-05,1.1066542997252241e-05,26.50282456201967,142.6263072886576,2906962432
17,2023,0.001,0.005,0.0005959404726690125,1.4782442328562447e-07,6.929821741770923e-05,1.2171667622554451e-05,0.00012040412106668877,0.0001288987157056995,0.0,1.422134556515442e-06,3.4032100577778742e-06,1.3975791567145038e-05,3.0402587217443315e-06,9.409414169134661e-05,0.00014214196188342093,4.983337028837317e-06,3.3497500031184505e-06,25.3873522070935,148.8930381224958,2906962432
18,2142,0.001,0.005,0.016797614603170325,9.967654317199685e-07,0.0005593477327021814,7.747226450071798e-05,0.00394538729594806,0.004036498522658823,0.0,4.40178252313638e-06,0.00011811378908008265,0.000491661354030045,9.890759137036824e-05,0.001597528943342955,0.0015200486894519556,0.0013306581126969485,3.7795572405316525e-05,25.63137703598477,147.4754943791404,2906962432
19,2261,0.001,0.005,0.000980481780771654,1.974364071400718e-07,8.221486322803511e-05,1.6450089514792944e-05,0.00020004548838697562,0.0002120233920722197,0.0,1.0503187387524112e-06,4.092649653648431e-05,0.00019970532708845544,4.927155593966062e-06,3.02780101524799e-05,4.534243939382404e-06,5.665881268495945e-07,2.4772956223950175e-07,25.327401427086443,149.24547276916735,2906962432
20,2380,0.001,0.005,0.00013722907255955594,1.6572492918246902e-07,5.9137668799536266e-05,1.3942427049475973e-05,8.0171803505985e-06,1.6896673272996425e-05,0.0,7.039858998468459e-07,1.4271832360728702e-07,4.5108642147381767e-07,2.625051965626173e-07,1.950426648406955e-05,1.011567956517129e-05,2.0786805399503853e-07,3.245555522620894e-07,24.723175656050444,152.89297995481942,2906962432
21,2499,0.001,0.005,0.00013826855383788743,1.761665089662245e-07,5.9653248788207456e-05,1.4814660579080708e-05,7.62877283820657e-06,1.6683562824726795e-05,0.0,6.510935360806581e-07,1.2003624334962326e-07,3.4663058774866546e-07,2.535506289994508e-07,1.843435786126758e-05,1.961034786723931e-05,3.2682849580721397e-06,5.249213191269692e-07,24.886458279914223,151.8898333175366,2906962432
22,2618,0.001,0.005,0.0001450964701780803,1.8779776560318915e-07,6.040997749931184e-05,1.57851564071034e-05,8.561857506835607e-06,1.776950021084058e-05,0.0,6.420701863866482e-07,2.014602295794344e-07,7.298644641617068e-07,2.7743668373546517e-07,2.194554169927003e-05,8.846628904956603e-06,2.1302065141255644e-07,3.092136523719091e-07,24.956738741020672,151.46209764126445,2906962432
23,2737,0.001,0.005,0.00014755963751302155,1.9936655837562033e-07,6.122460438520032e-05,1.675938855870208e-05,8.370166284852308e-06,1.7859961391117414e-05,0.0,5.891845074666702e-07,9.771644642939835e-08,2.1323078293015122e-07,2.753514492168405e-07,2.2602803905361464e-05,1.1994102411942246e-05,7.022932645587128e-08,3.707287029491064e-07,24.510864808922634,154.2173248258452,2906962432
24,2856,0.001,0.005,0.00015893024558733616,2.1322153931804385e-07,6.208342024822418e-05,1.7906632289788118e-05,1.0258698145022478e-05,2.0033267923589506e-05,0.0,6.080976563512026e-07,1.7559777453158026e-07,5.549022414389323e-07,3.23086631218969e-07,3.3661510644292105e-05,2.7696784365530003e-05,4.455078001661778e-07,7.747297615878779e-07,24.30029576807283,155.55366223016875,2906962432
25,2975,0.001,0.005,0.000188052278257187,2.2732473226708877e-07,6.406231647512564e-05,1.9085244140889564e-05,1.642059438747416e-05,2.62512895032251e-05,0.0,5.499575733602994e-07,1.9338507275064833e-07,4.89665707485834e-07,4.772596562674076e-07,2.0436875829112806e-05,7.186873637173058e-05,1.5572198397724908e-06,1.621696536143905e-06,25.003944484051317,151.1761475238861,2906962432
26,3094,0.001,0.005,0.0004784684304872321,2.542048355761927e-07,7.358153499096198e-05,2.1241645469946513e-05,8.549262961351482e-05,9.495407697392342e-05,0.0,5.351502648014628e-07,1.2024715720890625e-06,3.828681227036762e-06,2.183676633408549e-06,0.00035470389217759173,0.00048573077767200413,7.827106132719478e-06,1.1606567412465146e-05,25.59719583299011,147.6724257087673,2906962432
27,3213,0.001,0.005,0.001752848359977915,3.239080510433095e-07,0.0001173333319014298,2.640917627147809e-05,0.00038836770818788044,0.0004003014083965263,0.0,7.070873615938817e-07,4.963828683906638e-06,1.5070136793150037e-05,9.749006626383147e-06,0.0003435277679402913,0.0003868328997798796,6.937077716342866e-06,9.183596990797448e-06,24.532041039085016,154.08420334767973,2906962432
28,3332,0.001,0.005,0.002348385091683773,3.716033366347479e-07,0.00014865240701178591,2.9960143236349774e-05,0.0005248516791551891,0.0005395989264201412,0.0,7.936428457115153e-07,1.0460215286560704e-05,3.9149769268487704e-05,1.3151307164315811e-05,0.000880877288623846,0.0011377858801833575,2.5070058758761402e-05,2.8186201476880038e-05,24.51114682899788,154.21555043389793,2906962432
29,3451,0.001,0.005,0.0006721811825175469,2.3786003679568182e-07,7.176988738282244e-05,1.9899278802325377e-05,0.00013409551850277696,0.00014445028146650339,0.0,6.800252786188735e-07,3.215274990679973e-06,1.271279814741873e-05,3.363576805981134e-06,3.960375636649717e-05,2.985472386908008e-05,1.7233427336447806e-05,7.671435317509652e-07,26.050474027055316,145.10292580757627,2906962432
30,3570,0.001,0.005,0.00025561353556378177,2.3555025963696126e-07,6.449871245961361e-05,1.9779007050688268e-05,3.202005998073171e-05,4.271104140022385e-05,0.0,5.008810116684256e-07,1.8089665127022683e-06,8.182353132878518e-06,8.624794306328228e-07,0.00023406044333352751,0.00016033140051322767,2.6469104829814005e-06,4.3620198929212556e-06,25.06810095801484,150.7892443201386,2906962432
31,3689,0.001,0.005,0.0020359595385059793,3.269311911007058e-07,0.00011380325559965241,2.6857452072873318e-05,0.00045782300580795557,0.0004723795122348718,0.0,7.424487153079629e-07,7.635165305352998e-06,2.670252937191411e-05,1.1473297154850871e-05,0.0013306510478806948,0.0009167441366506474,1.2182956881934799e-05,2.52659638633867e-05,25.462637803982943,148.45280481540374,2906962432
32,3808,0.001,0.005,0.002765241391567523,3.800459634952685e-07,0.00014968134708291106,3.073452790554184e-05,0.0006253013487106988,0.0006431470355930585,0.0,8.518237398319448e-07,1.672900917453392e-05,6.802417534229804e-05,1.5620870530371563e-05,0.003942589421889612,0.0033560412425902627,0.00010759962079603048,8.822353605258589e-05,25.192205038038082,150.0464129397376,2906962432
33,3927,0.001,0.005,0.003420396673966756,4.1353853030387947e-07,0.00017460870373133008,3.2952815555199294e-05,0.000776301234249591,0.0008035558837436068,0.0,1.1458145699241376e-06,1.9640006338411016e-05,7.864570776464895e-05,1.9554323927406114e-05,9.89490662634905e-05,2.8650804874598094e-05,1.4130222357488535e-05,9.421272092627728e-07,25.063035481027327,150.81972025541174,2906962432
34,4046,0.001,0.005,0.00019350125309309022,2.303970160165403e-07,6.352885186311262e-05,1.9352202594437927e-05,1.7384353774470688e-05,2.765466093988695e-05,0.0,4.49960200154675e-07,9.145749698859016e-07,4.073651663289907e-06,4.992231861396003e-07,4.02584981722092e-05,0.00012032015892189173,5.250366437047931e-06,2.735306355004598e-06,24.395708172931336,154.94528681869386,2906962432
35,4165,0.001,0.005,0.0003523992093048359,2.5104340928553834e-07,7.05002416103891e-05,2.0972596120801334e-05,5.438541313639482e-05,6.47270505805623e-05,0.0,4.3290436749923474e-07,1.4345154775862174e-06,5.743817974261311e-06,1.4287594136697759e-06,0.0003706265953258567,0.00019345403159691375,4.3783450980429606e-05,5.492269773250363e-06,24.977461620932445,151.33643511765658,2906962432
36,4284,0.001,0.005,0.000994805448870889,2.820685544277516e-07,8.435793637997771e-05,2.345999396528073e-05,0.00020685758575348666,0.00022027279409239927,0.0,4.604717219832964e-07,8.938641831216128e-06,3.951846347744414e-05,5.174745678636504e-06,0.00226669212958465,0.0028203686178174046,3.42806498121631e-05,7.029270155250006e-05,24.794759405893274,152.4515700322368,2906962432
37,4403,0.001,0.005,0.00624526947026545,5.732182095682951e-07,0.00025595572224504647,4.556602114308305e-05,0.0014475426597523172,0.0014764448056647631,0.0,1.8729136120648954e-06,4.9446318128902155e-05,0.00021144369399287767,3.578789665163313e-05,4.1550677044488975e-05,3.241036940293963e-05,7.19761701908456e-06,9.193006430255731e-07,24.350824414053932,155.2308840031878,2906962432
38,4522,0.001,0.005,0.00017728136495746198,2.4193895498043547e-07,6.428084613554545e-05,2.0310384414707576e-05,1.2831672086061974e-05,2.305951498138716e-05,0.0,7.921386238300695e-07,2.7622411506151833e-07,9.895287097643637e-07,3.91591865543228e-07,1.6262254645144344e-05,1.8117101994686805e-05,1.3363521008933449e-07,4.845576540901675e-07,24.911144178942777,151.7393168634626,2906962432
39,4641,0.001,0.005,0.00016182546718501874,2.4927673480522655e-07,6.363783037861583e-05,2.0947467338474883e-05,8.891040721286715e-06,1.9043632488877625e-05,0.0,6.229876886562932e-07,1.117797827701767e-07,2.6626247794622764e-07,2.9263643590465585e-07,2.307207181556372e-05,9.972223259475349e-06,4.39583764741006e-07,3.4161934974820594e-07,25.202869655098766,149.98292066456298,2906962432
40,4760,0.0005,0.0025,0.00017073459546919419,2.5834854399502944e-07,6.448931702709555e-05,2.1717282036435173e-05,1.0358937030470877e-05,2.079992017854392e-05,0.0,4.966790660240823e-07,1.8498120441888334e-07,5.959116765793215e-07,3.289943455150952e-07,3.127025849521271e-05,7.851457443653739e-05,3.9715041437949326e-07,1.7978997036715598e-06,24.869964367011562,151.9905675865757,2906962432
41,4879,0.0005,0.0025,0.00016992631648290194,2.6495476610218354e-07,6.520489354558763e-05,2.2254328275156066e-05,9.750706093746457e-06,2.016092224968055e-05,0.0,4.330028334739384e-07,8.12554530915607e-08,8.83601665740181e-08,3.179170988837854e-07,2.0461340508994735e-05,1.1848742070426289e-05,6.33062546638387e-08,3.736004493876386e-07,24.99887203599792,151.20682223409395,2906962432
42,4998,0.0005,0.0025,0.00016459919806081978,2.6927675029494016e-07,6.475373883158826e-05,2.2626391435830445e-05,8.339492720917512e-06,1.8770271422649135e-05,0.0,3.876134561773787e-07,6.510997303441025e-08,4.522856970826796e-08,2.8032129546378325e-07,2.23645494943845e-05,1.0113192915707173e-05,7.757969240986183e-08,3.39259188936445e-07,25.590379117056727,147.71176240529084,2906962432
43,5117,0.0005,0.0025,0.0001662214092599849,2.7368438873776224e-07,6.512809588996417e-05,2.3004957812772965e-05,8.435124926676817e-06,1.8918848780221577e-05,0.0,3.5190057801435943e-07,6.65753255740133e-08,4.965415742302356e-08,2.8322247044704295e-07,2.0739215722728874e-05,1.1746250843966013e-05,4.23419786872648e-08,3.7106413271560863e-07,25.034640904981643,150.9907817071112,2906962432
44,5236,0.0005,0.0025,0.00016769987177448693,2.785702156897151e-07,6.53381744986671e-05,2.3400248909922238e-05,8.551834402188582e-06,1.9039288507349465e-05,0.0,3.2934130826991847e-07,6.744904731903185e-08,5.028182402930898e-08,2.8696341256585026e-07,2.3734983309016873e-05,8.477204859705775e-06,2.6525815613861628e-08,3.053606428964139e-07,25.772174148005433,146.6698144398711,2906962432
45,5355,0.0005,0.0025,0.00016990822552649117,2.8269241771682263e-07,6.565857531130806e-05,2.376010824932973e-05,8.8181072088547e-06,1.935272730069873e-05,0.0,2.9245942425017413e-07,7.582423855726924e-08,8.588945972643983e-08,2.932317330599063e-07,2.4623218823329636e-05,9.731058833581518e-06,5.135571914394177e-08,3.426918778716624e-07,25.59834013308864,147.665824438122,2906962432
46,5474,0.0005,0.0025,0.0001727112289733702,2.8717297482216966e-07,6.594614078975702e-05,2.4127814231659704e-05,9.224321888362443e-06,1.983501802974075e-05,0.0,2.636223464691207e-07,7.724350309949144e-08,8.268133781534046e-08,3.035361776821167e-07,1.6209022803758715e-05,2.1328049028636e-05,1.4553004543671477e-07,5.732367369438136e-07,25.813382982974872,146.43566875729098,2906962432
47,5593,0.0005,0.0025,0.00017319542623621476,2.9106731720771655e-07,6.618261177979148e-05,2.4462733517072e-05,9.119943499855547e-06,1.972247026146977e-05,0.0,2.3849553603785923e-07,8.760435499213777e-08,1.354605785162334e-07,3.025611964444555e-07,3.400840418873399e-05,4.710304968587782e-06,1.6402475412611412e-07,2.6332050492241944e-07,25.690370689029805,147.13684149423815,2906962432
48,5712,0.0005,0.0025,0.00017524162908244838,2.9546281054280894e-07,6.64199757030623e-05,2.4822258004591006e-05,9.351805193358497e-06,2.0035324338269197e-05,0.0,2.208353664994719e-07,8.533124647177222e-08,1.1997212996125656e-07,3.0668410239760457e-07,2.6034838100756698e-05,2.0221339027990498e-05,1.0808450795538182e-07,5.770374866101303e-07,25.421834700973704,148.6910777472414,2906962432
49,5831,0.0005,0.0025,0.0001798864097701553,2.992748150256048e-07,6.684955747991494e-05,2.5135403299669084e-05,1.026077433423433e-05,2.0918874961641868e-05,0.0,1.8949073301177913e-07,8.852423248422311e-08,1.1359178884843473e-07,3.290293735726808e-07,1.9164937527550918e-05,3.357617383049468e-05,1.5341721475014057e-07,8.71160256922719e-07,26.32308199594263,143.6002061074246,2906962432
50,5950,0.0005,0.0025,0.00025649976959112025,3.069484985827383e-07,6.994338368207941e-05,2.5719162858973342e-05,2.8006991072158727e-05,3.921390252702786e-05,0.0,1.7789652677988647e-07,3.5153708141580057e-07,9.804789499713195e-07,7.772064571076833e-07,0.0001412455634202897,0.0001072917915908398,5.2669196358173e-06,2.8668831576050295e-06,25.128884798963554,150.424502728267,2906962432
51,6069,0.0005,0.0025,0.0004230633475965569,3.0869989502577854e-07,7.298073478667657e-05,2.5900408685889227e-05,6.817270833096545e-05,8.035375738078199e-05,0.0,1.6301226311938197e-07,9.038629283196994e-07,2.7468191954915438e-06,1.772495446106953e-06,0.00011971464172390932,3.273048634062954e-05,9.047575518447308e-06,1.1541518883210042e-06,25.67610005894676,147.21861931219848,2906962432
52,6188,0.0005,0.0025,0.001087240471471367,3.3464485350652476e-07,9.179654759545836e-05,2.7837881767751512e-05,0.00022673263577479506,0.00024119643706221026,0.0,2.1845116512534242e-07,3.5535315755238774e-06,1.2037240180424301e-05,5.730417697195085e-06,0.0001447871368977108,8.856095417805981e-05,7.920915716870999e-06,2.354243818964668e-06,26.45925559499301,142.86116200167416,2906962432
53,6307,0.0005,0.0025,0.0007561270092434136,3.1485977123935374e-07,8.829864503929105e-05,2.605723290351249e-05,0.00014745365107147437,0.00015895285258819865,0.0,2.1789531051244585e-07,2.5642412322874877e-06,9.112097632890847e-06,3.7091085285465906e-06,8.700966538440081e-05,0.00011890635907461512,1.9860314664367163e-06,2.885307713724961e-06,25.492931246990338,148.2763972246723,2906962432
54,6426,0.0005,0.0025,0.00035379752866300464,2.7739666956265516e-07,6.989051240481554e-05,2.3220412774770966e-05,5.33990235564209e-05,6.491650701959361e-05,0.0,1.592531809197204e-07,5.418079397247104e-07,1.2968174910528187e-06,1.4122222075707333e-06,7.628910984965928e-05,1.3456518579568227e-05,1.7339209846124418e-06,5.944649823656315e-07,25.881594431004487,146.04973468990778,2906962432
55,6545,0.0005,0.0025,0.00018306648213645474,2.710478941567306e-07,6.512998261891808e-05,2.2775327986064392e-05,1.2686787207924503e-05,2.323969531553014e-05,0.0,1.3646780373398491e-07,2.48184462484147e-07,8.532478385325429e-07,3.876744738881922e-07,1.4533800371975216e-05,4.6208605653234937e-05,2.065789182584662e-06,1.0740739531640776e-06,27.053494825959206,139.72316790557122,2906962432
56,6664,0.0005,0.0025,0.00021932136927110452,2.736973461800536e-07,6.643094288101469e-05,2.304171504980697e-05,2.1340456245640767e-05,3.1720697343526234e-05,0.0,1.2933585660376262e-07,3.9805898394560145e-07,1.3911065304344727e-06,5.991883892935345e-07,2.6212051220465497e-05,1.644187731082119e-05,1.4015287643501107e-06,4.854476149570733e-07,26.211959325009957,144.20898312600917,2906962432
57,6783,0.0005,0.0025,0.0002486678564714061,2.76372594949891e-07,6.661732639826676e-05,2.3191386644997037e-05,2.8449981226234713e-05,3.898127001270445e-05,0.0,1.1353949656482155e-07,5.175286422801764e-07,1.8114425376562015e-06,7.762006737446802e-07,0.0010997823749979336,0.0014617189554320205,1.3094484272966968e-05,3.550126344808156e-05,25.650712075992487,147.36433003502663,2906962432
58,6902,0.0005,0.0025,0.0032152902729447102,3.8200116804661763e-07,0.00013735471653663332,3.090867046334549e-05,0.0007375324534377171,0.0007628367532296574,0.0,2.622953253460919e-07,1.4971546865915776e-05,5.641034408919045e-05,1.8447390240388423e-05,3.8961285056194315e-05,3.998569464740632e-05,2.173222097185533e-05,1.0555382508365646e-06,25.46883892605547,148.4166597061845,2906962432
59,7021,0.0005,0.0025,0.0002132515094080378,2.4877991891826625e-07,6.431722289389221e-05,2.0912557655715055e-05,2.0765535783351562e-05,3.1097376162140686e-05,0.0,2.4808379227199236e-07,3.109758382826296e-06,1.496761725078729e-05,5.811746633441915e-07,2.4689104473162885e-05,8.723253575313028e-06,4.70981767749142e-07,3.131577619526416e-07,25.50958770199213,148.17958032715703,2906962432
60,7140,0.0005,0.0025,0.00016167395835663513,2.494745069845772e-07,6.358306337561872e-05,2.0972451864354922e-05,8.835593643385754e-06,1.9053628653714126e-05,0.0,1.1243254726246556e-07,1.0682879405375046e-07,2.4323561291489883e-07,2.909083573538535e-07,2.2406217595700927e-05,1.3337991551798907e-05,4.652408559227946e-07,4.2501422615801166e-07,25.185099236899987,150.08874749485707,2906962432
61,7259,0.0005,0.0025,0.00016460139563100206,2.5165956797551073e-07,6.387967431302449e-05,2.1159431623235202e-05,9.39587159948094e-06,1.9626757159284636e-05,0.0,1.0164033707522119e-07,9.57757203088727e-08,1.7249176458771068e-07,3.0638683695665276e-07,2.544852023198646e-05,7.114402874971607e-06,2.935637238484408e-07,2.8231881212074463e-07,25.185838364996016,150.08434284457053,2906962432
62,7378,0.0005,0.0025,0.00017129728161278994,2.539061610951605e-07,6.415342034189346e-05,2.134422255655635e-05,1.0932123196862593e-05,2.1099934891690426e-05,0.0,9.530612453966536e-08,1.278629128767043e-07,2.967298139273221e-07,3.425847504561995e-07,3.329714402622942e-05,7.863194542508046e-06,1.844277937733198e-07,3.2401677558590604e-07,25.309610614087433,149.35038146719003,2906962432
63,7497,0.0005,0.0025,0.0001834346789610449,2.564820204854966e-07,6.481251191525232e-05,2.151167644779124e-05,1.3573450527108328e-05,2.3978946148571877e-05,0.0,8.916782536982797e-08,2.2862234540858845e-07,7.328426841434487e-07,4.102690428994936e-07,4.2184947770216415e-05,0.0001039222852254863,1.660545346264068e-05,2.4802587566747597e-06,24.90331356599927,151.78702986581152,2906962432
64,7616,0.0005,0.0025,0.0004408468758421285,2.6659552077035187e-07,7.101047114085987e-05,2.231799852101147e-05,7.467805850273368e-05,8.604882311792896e-05,0.0,1.1037667366106571e-07,3.4690145114370148e-06,1.5414761162025606e-05,1.9303113951594687e-06,0.00015667868442722553,8.605827866371588e-05,5.7919377574459456e-05,2.3682480483936766e-06,25.475711124017835,148.37662358466275,2906962432
65,7735,0.0005,0.0025,0.0009407780962261968,2.9146508805395994e-07,9.066718269004635e-05,2.399861254614147e-05,0.00019120947174819077,0.00020469226526397048,0.0,2.6839838851562715e-07,9.9919078442923e-06,4.514976956155681e-05,4.809769659904685e-06,0.0001497228349935973,0.00020767168666463388,2.7956299081346343e-05,5.045309011447465e-06,26.573386649019085,142.24758213645052,2906962432
66,7854,0.0005,0.0025,0.0003715805490390353,2.4910505058212745e-07,6.948060691544525e-05,2.082681443541318e-05,5.886103264625519e-05,6.993036629710958e-05,0.0,1.5864798461277757e-07,2.598544296565778e-06,1.1455340805701136e-05,1.537380677127754e-06,3.111450711176509e-05,9.65132372758013e-06,1.2552310804738096e-07,3.5568994156792974e-07,24.928255856968462,151.63515737677798,2906962432
67,7973,0.0005,0.0025,0.00021775570137102265,2.402391665269995e-07,6.421777375012257e-05,2.0152412372423832e-05,2.2953264265221565e-05,3.3354672652623976e-05,0.0,8.163838828519176e-08,3.688260246484314e-07,1.2020393826211212e-06,6.420907406210356e-07,3.25233803215226e-05,6.759204366279023e-06,1.2933218169647057e-07,3.00472440325653e-07,26.76618395303376,141.22297024606542,2906962432
68,8092,0.0005,0.0025,0.00020731915228583767,2.4171857169209736e-07,6.438566737675241e-05,2.0246240594479742e-05,2.0288616866868102e-05,3.0686639966295354e-05,0.0,7.516997748302735e-08,2.412538782707651e-07,6.31333954041871e-07,5.749354373119545e-07,3.945374153859337e-05,3.752634743466929e-05,4.137027514973722e-06,9.503389849539546e-07,26.695626557106152,141.5962270791429,2906962432
69,8211,0.0005,0.0025,0.000629248418943789,2.5730407215902504e-07,7.62253177950341e-05,2.148809740978919e-05,0.00012062682064001266,0.00013308075825479277,0.0,1.0645755449744691e-07,2.363793579043073e-06,8.728909483699931e-06,3.0900584115154325e-06,0.0004823924194733124,0.0006702219327313027,2.063020237983437e-05,1.6001478148349895e-05,25.28895607101731,149.47236214040925,2906962432
70,8330,0.0005,0.0025,0.0023437325644033355,3.82863628999831e-07,0.00015743426092692142,3.067182336789778e-05,0.0005186513815426714,0.000536635510155176,0.0,1.9412334127468155e-07,1.397859498258195e-05,5.686110693897631e-05,1.303186797393344e-05,4.621454829161632e-05,6.417429613065906e-05,1.7669000057399638e-05,1.5518171397031567e-06,25.801642292062752,146.5023023423135,2906962432
71,8449,0.0005,0.0025,0.00017568282114721284,2.0996155720098537e-07,6.166073272224004e-05,1.762509202991462e-05,1.449168622895269e-05,2.4222666529350958e-05,0.0,1.1808422145224992e-07,1.1214293963757642e-06,5.182102961017244e-06,4.2504402086157663e-07,1.62909679645617e-05,1.8325602295157123e-05,1.853268294805757e-07,5.025301177175563e-07,24.937411097926088,151.57948774860444,2906962432
72,8568,0.0005,0.0025,0.00014811274096635836,2.1060902499042132e-07,6.104924763175881e-05,1.7691414088990772e-05,8.063924412102784e-06,1.7631920437216413e-05,0.0,8.520092955200077e-08,6.984706848315332e-08,8.165810987627742e-08,2.675772325394892e-07,1.4958936091196456e-05,2.3425870217795905e-05,1.1268093121854929e-07,6.065649938050012e-07,24.964098426979035,151.41744497830146,2906962432
73,8687,0.0005,0.0025,0.00015249450813619193,2.1253622814280486e-07,6.122244687513178e-05,1.7859346917248332e-05,9.007294285390619e-06,1.8603625689157676e-05,0.0,7.92472155763241e-08,1.1106750332059858e-07,2.636997440471792e-07,2.9163777255581365e-07,2.6940502513233305e-05,5.694480380822954e-06,5.544445637759682e-07,2.578354046331047e-07,24.885038791922852,151.8984973906051,2906962432
74,8806,0.0005,0.0025,0.00020190504419299524,2.1536476511664177e-07,6.217979444911526e-05,1.808351027272967e-05,2.0809430773302212e-05,3.070184561380379e-05,0.0,6.739561485493483e-08,3.13571678561472e-07,9.866864084273324e-07,5.811719843800275e-07,2.7800929889227042e-05,3.36859559216204e-05,2.3498270560854248e-06,8.550762475221875e-07,25.004113482078537,151.17512575317974,2906962432
75,8925,0.0005,0.0025,0.0003659011116719475,2.2312633144150506e-07,6.65144065457209e-05,1.8737300490977726e-05,5.9234635271076557e-05,7.073439969668884e-05,0.0,9.098435481920518e-08,1.7418094646340705e-06,7.163741251826564e-06,1.545306071343788e-06,0.00021257849723388929,0.0003096401929810998,9.66012423841026e-06,7.3128604136789886e-06,25.03795698005706,150.9707841981996,2906962432
76,9044,0.0005,0.0025,0.009986958301379148,6.409428329511179e-07,0.0003062743357125246,4.994198740075777e-05,0.002368071586657106,0.0024004808431445828,0.0,5.475888258196797e-07,4.2999365824211316e-05,0.00015684650778648718,5.815032133456938e-05,2.2669612649007744e-05,2.9241890453184688e-05,8.635091814669846e-07,7.938089960849278e-07,25.546587551943958,147.9649676229404,2906962432
77,9163,0.0005,0.0025,0.00015519893030320643,2.116294903167708e-07,6.154266361759424e-05,1.7768069095422993e-05,9.558712762646363e-06,1.9284348492980283e-05,0.0,3.4156951422061417e-07,1.8821991937530492e-07,6.371666633039499e-07,3.039329335725746e-07,2.3808662375640346e-05,6.387455070060761e-06,5.115975566252101e-08,2.604135860771012e-07,25.571275055990554,147.82211648513254,2906962432
78,9282,0.0005,0.0025,0.00014768640870147103,2.1179303944962002e-07,6.115658395207935e-05,1.7778062336402453e-05,7.856343732523133e-06,1.748021243815495e-05,0.0,2.5992695119985047e-07,6.280168927711808e-08,5.259939963516156e-08,2.6140904675042883e-07,2.0798697810927737e-05,9.274080799687433e-06,7.852184199783724e-08,3.1182510846455056e-07,24.91376795794349,151.72333652544864,2906962432
79,9401,0.0005,0.0025,0.0001484360487665981,2.13157740445216e-07,6.116044742397708e-05,1.7901345336453732e-05,7.973203854042502e-06,1.761300286272585e-05,0.0,2.024728501741236e-07,6.709267268580676e-08,7.087344287086765e-08,2.645899205581661e-07,1.861345489963978e-05,1.2132497215047589e-05,7.245262169690358e-08,3.706706230505439e-07,25.258040907094255,149.65531229852064,2906962432
80,9520,0.00025,0.00125,0.00014936709149787448,2.1451399264406449e-07,6.131826117376073e-05,1.8007161778523512e-05,8.121461365907823e-06,1.7747402698323304e-05,0.0,1.7721282989759134e-07,6.454287489923349e-08,5.412188210400581e-08,2.6859249239216163e-07,2.1387537847095658e-05,9.03668166886616e-06,1.7085956174968584e-07,3.120083179163928e-07,25.454903866979294,148.49790907690308,2906962432
81,9639,0.00025,0.00125,0.00014813661217448062,2.1535481165354395e-07,6.122146271909563e-05,1.8083500215354394e-05,7.773870868457754e-06,1.7455023053646084e-05,0.0,1.628794865623195e-07,5.871801184723242e-08,3.3347845314798023e-08,2.6024221392136405e-07,2.1711093480310714e-05,8.119723831138497e-06,2.9976727056180155e-08,2.9171310849224463e-07,24.896287424024194,151.82986666326843,2906962432
82,9758,0.00025,0.00125,0.00014826709564119854,2.1578977929921984e-07,6.130886842064294e-05,1.812129912891169e-05,7.750070815543747e-06,1.7463870862561706e-05,0.0,1.4381134149446807e-07,5.7574904327151355e-08,2.8173134979316614e-08,2.5970138665644013e-07,1.9638167725047207e-05,1.0002232444267498e-05,2.4103699924893363e-08,3.246972875374576e-07,25.18847077700775,150.0686577388579,2906962432
83,9877,0.00025,0.00125,0.0001483124744876352,2.1648991532832539e-07,6.132021410622949e-05,1.817966078412066e-05,7.743104575041721e-06,1.7429365965577147e-05,0.0,1.3953928935784967e-07,5.7554447112299205e-08,2.8154636826277883e-08,2.5961759873521815e-07,2.18830189883842e-05,7.806279934032188e-06,3.758232766686087e-08,2.8366348460838795e-07,25.364684130996466,149.02610182244365,2906962432
84,9996,0.00025,0.00125,0.00014864345739913425,2.1706633075400387e-07,6.141494361347415e-05,1.822913832184563e-05,7.75836780078299e-06,1.7482236803973724e-05,0.0,1.29856555328347e-07,5.8976502097201384e-08,3.455193837239267e-08,2.6033057211361424e-07,2.2292585821387113e-05,7.758782036641302e-06,7.909643984015972e-08,2.829888127767585e-07,25.698672679951414,147.0893087388491,2906962432
85,10115,0.00025,0.00125,0.00014889510882779385,2.1789970425307878e-07,6.137806184592326e-05,1.8299133580753323e-05,7.782644379836885e-06,1.7531820445564187e-05,0.0,1.257549369047266e-07,5.937368647124534e-08,3.635298953433506e-08,2.605154428218917e-07,2.035459853816844e-05,9.040389349614825e-06,4.048812798257153e-08,3.071970997412098e-07,25.186083448003046,150.08288239034277,2906962432
86,10234,0.00025,0.00125,0.0001490236634496974,2.1828531131446923e-07,6.145281608157332e-05,1.8333601659082526e-05,7.787669755758042e-06,1.7519734440914667e-05,0.0,1.1967497665823453e-07,5.8582465481237475e-08,3.1881898999255324e-08,2.6103042840693206e-07,2.0942235624672667e-05,9.333756307092872e-06,2.547651734019496e-08,3.0644124210864123e-07,24.815444770036265,152.32449126054797,2906962432
87,10353,0.00025,0.00125,0.00014939764821002624,2.1901935961597712e-07,6.150034535075685e-05,1.8391734346834864e-05,7.846138171689794e-06,1.756684539065679e-05,0.0,1.1139579395821254e-07,5.7705984462304345e-08,2.6428718844201247e-08,2.621012034673205e-07,2.220793339802185e-05,7.567342899641344e-06,3.3613653947045784e-08,2.788353191092375e-07,24.88287846802268,151.91168517170263,2906962432
88,10472,0.00025,0.00125,0.00014954331616141769,2.19576065518518e-07,6.151009143438564e-05,1.8439507233557935e-05,7.831465055946311e-06,1.7600894048526666e-05,0.0,1.0824173334153134e-07,5.909133006674461e-08,3.296055572580416e-08,2.624960946079189e-07,1.978331019927282e-05,9.593598679202842e-06,5.573909131922641e-08,3.139889145131747e-07,25.41781809402164,148.7145743988572,2906962432
89,10591,0.00025,0.00125,0.00015024975216768868,2.2009026119056735e-07,6.162341254937005e-05,1.8483884588700706e-05,7.981549811481113e-06,1.7701075386539935e-05,0.0,1.0145793011560797e-07,6.308335004054323e-08,4.9340472108263134e-08,2.6607627809445297e-07,2.6278730235519884e-05,5.2394870787490316e-06,3.737011132553562e-08,2.4053341034925236e-07,25.055557910935022,150.864730828855,2906962432
90,10710,0.00025,0.00125,0.00014997457709839746,2.2069822917998224e-07,6.155931614413267e-05,1.853439364355629e-05,7.850063558040857e-06,1.767869728672652e-05,0.0,9.568175414492231e-08,5.868471987318714e-08,3.033077875771697e-08,2.630928206082187e-07,2.0016084809391205e-05,9.943845348711226e-06,6.068965131503102e-08,3.2196050943596113e-07,26.380977393942885,143.2850627008192,2906962432
91,10829,0.00025,0.00125,0.00014994326617356844,2.2105239766523286e-07,6.163501482217932e-05,1.8563359892968994e-05,7.846161077001068e-06,1.759900757365382e-05,0.0,9.013199212073453e-08,6.112918106237337e-08,4.281417121831356e-08,2.628317340935533e-07,2.2042142743538577e-05,8.682986927375342e-06,9.905986299177779e-08,3.032317943323159e-07,25.62017767992802,147.53996038682507,2906962432
92,10948,0.00025,0.00125,0.00015095319984192472,2.2145527464451175e-07,6.166600263674457e-05,1.859489388941915e-05,8.042196677514185e-06,1.7856990032467164e-05,0.0,8.569574438519984e-08,6.90118770947003e-08,7.709150865847222e-08,2.6796787681502924e-07,2.1692715390166822e-05,8.620633083670067e-06,1.2332495717124577e-07,3.0079770229327724e-07,25.846255865995772,146.24942272482485,2906962432
93,11067,0.00025,0.00125,0.00015091324123743646,2.2188651802367222e-07,6.1650935987937e-05,1.863207175379752e-05,8.043134227962044e-06,1.781049239205593e-05,0.0,7.83823190781058e-08,6.118356009796883e-08,3.813605056249736e-08,2.6778174992734673e-07,2.320740818720965e-05,7.712421988582632e-06,1.2618790384251388e-07,2.8898945404740687e-07,25.249738468090072,149.70452089145638,2906962432
94,11186,0.00025,0.00125,0.00015133261089595083,2.2195922508732235e-07,6.175682540901656e-05,1.8646217389561966e-05,8.077597839661711e-06,1.791709267034469e-05,0.0,7.436811514071691e-08,6.457531275485669e-08,5.374839930399859e-08,2.6912816447028485e-07,1.868671194339792e-05,1.2453897956480173e-05,9.624233840776512e-08,3.7148486685942944e-07,25.76877622201573,146.68915463554418,2906962432
95,11305,0.00025,0.00125,0.00015061575013629246,2.21916461362251e-07,6.169738451948405e-05,1.8640677783411567e-05,7.952234581733127e-06,1.77204354605194e-05,0.0,6.773601953715457e-08,6.298095961123934e-08,4.904133892490148e-08,2.658634591312952e-07,2.3265724164611172e-05,7.492335173862687e-06,2.747573043579553e-08,2.861780954855844e-07,24.960897080949508,151.43686493883854,2906962432
96,11424,0.00025,0.00125,0.00015467614615021923,2.2189495175240232e-07,6.186105360193227e-05,1.8640156840245243e-05,8.861202940154789e-06,1.8742504302059945e-05,0.0,6.286496217839273e-08,9.918345642384497e-08,2.0572066871686032e-07,2.901966134023645e-07,1.8100807314372755e-05,1.4829093149836851e-05,1.735164133772774e-07,4.227567137333955e-07,26.042452594963834,145.14761949613714,2906962432
97,11543,0.00025,0.00125,0.00015523282189855954,2.2186423173422107e-07,6.18594216007897e-05,1.8633950171221007e-05,9.01329500006146e-06,1.8824026423673364e-05,0.0,6.02388405927103e-08,2.0296814412666537e-07,7.222832070637696e-07,2.9255751356955713e-07,1.8316134983684778e-05,1.5650255348494588e-05,8.942735189402622e-08,4.3384371332692914e-07,25.467693596961908,148.42333427676087,2906962432
98,11662,0.00025,0.00125,0.00015374482741761737,2.2152939162044286e-07,6.186649399327864e-05,1.859403667959481e-05,8.735517295227274e-06,1.8456985332979082e-05,0.0,5.510762931226295e-08,7.821389434010473e-08,1.071274816486195e-07,2.839419900519041e-07,2.1712000393779903e-05,9.177694924541616e-06,1.5849980668476638e-07,3.0679860585570126e-07,25.434851864003576,148.61497995785885,2906962432
99,11781,0.00025,0.00125,0.00019166838689078946,2.2298449602848445e-07,6.324676858389347e-05,1.8752251043989663e-05,1.7686133599324552e-05,2.7509855109591236e-05,0.0,5.2062771112943324e-08,2.9694917812444074e-07,9.787461398826043e-07,5.059997507395993e-07,6.418811348599515e-05,1.1900071764276141e-05,5.4703425326979845e-06,4.988626840042257e-07,25.23688936897088,149.78074138754855,2906962432
100,11900,0.00025,0.00125,0.00023397563323169138,2.2252761753060484e-07,6.326553160780499e-05,1.8638906618992913e-05,2.736261454706124e-05,3.763217474062922e-05,0.0,5.809321541172574e-08,3.2143732001682668e-06,1.5325645132593332e-05,7.462208682479993e-07,3.4232820811060566e-05,4.851155710119721e-05,1.4870676694131578e-05,1.227660807974947e-06,25.651172484038398,147.36168502052405,2906962432
101,12019,0.00025,0.00125,0.0001673312880229402,2.172386125097084e-07,6.191609525885531e-05,1.825274281415019e-05,1.2241973862723816e-05,2.1857234742369248e-05,0.0,4.886298070899187e-08,4.891655277497097e-07,2.073988562891654e-06,3.718390758568945e-07,1.6732378796968122e-05,2.5413961403890945e-05,5.913166640019491e-07,6.768430312474396e-07,25.451072506024502,148.52026369832703,2906962432
102,12138,0.00025,0.00125,0.0002549787375043644,2.20722034211297e-07,6.452383022021168e-05,1.849753120733935e-05,3.3019426648804383e-05,4.33980078909487e-05,0.0,4.468684159075929e-08,3.9978985675045003e-07,1.1016447229300707e-06,8.973045608221794e-07,8.417806827873436e-05,0.00015006421887110697,4.00318228800854e-07,3.766732459639787e-06,25.693658206029795,147.1180152584465,2906962432
103,12257,0.00025,0.00125,0.0006066369510590833,2.2850855881217054e-07,7.21567084414702e-05,1.8993654053442048e-05,0.00011613348935266942,0.0001277018881251385,0.0,1.119137509720878e-07,8.582480999076137e-06,3.996728583222157e-05,2.945119163159111e-06,5.984908588981766e-05,6.262283843950302e-05,2.0016893328526444e-05,1.5594894683718373e-06,25.855254733935,146.19852091570203,2906962432
104,12376,0.00025,0.00125,0.00016700743610426172,2.046233532536746e-07,6.124148540760553e-05,1.715141611938148e-05,1.2961806311626567e-05,2.2393601502891797e-05,0.0,3.1692542138464315e-08,5.445112631846807e-07,2.336811802574624e-06,3.8574451334877976e-07,3.238722217377342e-05,7.885839576850967e-06,1.6757778694010907e-07,3.352080862365862e-07,25.900301808025688,145.944245283995,2906962432
105,12495,0.00025,0.00125,0.00014805322247816042,2.0246292663652938e-07,6.0492186819723065e-05,1.7013307091060573e-05,8.520080809445716e-06,1.8109571338134137e-05,0.0,3.205738890992434e-08,6.94478947116325e-08,6.785995212856315e-08,2.793795214295993e-07,2.1005413916663246e-05,8.352859107877261e-06,4.026001236517069e-08,2.921725892758245e-07,25.268309833016247,149.59449306185692,2906962432
106,12614,0.00025,0.00125,0.00017020110011337295,2.027245378099357e-07,6.083042823423745e-05,1.7021646907244483e-05,1.3749106424425177e-05,2.3750760164432148e-05,0.0,2.8841152650595775e-08,1.2203478349640194e-07,1.9803523785818257e-07,4.121386796238271e-07,0.00015863526489175414,0.00012755763867365507,1.0071678172521171e-06,3.4207698165898493e-06,25.19344300602097,150.0390398841722,2906962432
107,12733,0.00025,0.00125,0.000499251120025908,2.1082834056987511e-07,6.726859649427718e-05,1.755037475824658e-05,9.246860623611297e-05,0.00010420165136955412,0.0,4.685912715166977e-08,3.325747886136438e-06,1.4244897165680312e-05,2.3838422650018756e-06,3.507058258297288e-05,5.277530176716114e-06,1.0071619040477993e-06,2.687834085333764e-07,25.31621763401199,149.31140404329682,2906962432
108,12852,0.00025,0.00125,0.0001475635147668919,1.9442979047203418e-07,5.9999206043944926e-05,1.633686370619144e-05,8.895699299919504e-06,1.8378688797364553e-05,0.0,2.4699772951926903e-08,1.4490412644995054e-07,4.374878302307537e-07,2.8703280201899895e-07,2.5324197156892514e-05,7.775067708626877e-06,2.606007207023573e-07,2.96216273909522e-07,25.175988182076253,150.14306380597708,2906962432
109,12971,0.00025,0.00125,0.00015545607139183968,1.9447030059615476e-07,6.03027102043458e-05,1.6294088043400614e-05,1.082453309209086e-05,2.03112351079302e-05,0.0,2.2158951348724594e-08,9.696389152803999e-08,1.4850154495958176e-07,3.3631791268061816e-07,2.1827278180266843e-05,9.621464574766357e-06,4.0702984669510874e-08,3.363300671193905e-07,25.69936626404524,147.08533903765627,2906962432
110,13090,0.00025,0.00125,0.00018380723914276887,1.935682076293387e-07,6.054135195901075e-05,1.625536646719815e-05,1.7692468998902576e-05,2.7452033945428893e-05,0.0,2.435076331333596e-08,2.7014480830982716e-07,8.426605901268842e-07,5.080634514222516e-07,7.057206607680114e-05,5.193865384041731e-05,6.327854104407986e-06,1.448328979828754e-06,25.48843322088942,148.30256403920683,2906962432
111,13209,0.00025,0.00125,0.0002523189120914876,1.939923035952089e-07,6.223334540091283e-05,1.623039361172314e-05,3.429207494283368e-05,4.4161299789150704e-05,0.0,2.3910894175396867e-08,5.216466128049867e-07,1.6881507629059054e-06,9.200823011190277e-07,3.30741943062527e-05,3.830678019550673e-05,1.934666511755572e-07,1.036160784635632e-06,25.522130810888484,148.1067559761641,2906962432
112,13328,0.00025,0.00125,0.00018952273811144685,1.8805012748014624e-07,6.0734751316467446e-05,1.5812286911236624e-05,1.9498512450828606e-05,2.8871710280505583e-05,0.0,1.87409567695346e-08,2.330431282393754e-07,6.096449594763355e-07,5.555706817205415e-07,7.845641930110841e-05,1.7500561270502485e-05,4.1443102694367036e-07,6.707488334238103e-07,25.456286372966133,148.48984430086608,2906962432
113,13447,0.00025,0.00125,0.0003456244670487842,1.9023229741178896e-07,6.325793390657517e-05,1.5925639024110283e-05,5.694434896992919e-05,6.797040007927174e-05,0.0,1.6495130866385306e-08,4.938757443276834e-07,9.67923001138525e-07,1.5014557204998922e-06,0.00014837693257244868,9.30925778361381e-05,7.58127432077128e-06,2.5220752604582232e-06,24.8386339150602,152.18228236409186,2906962432
114,13566,0.00025,0.00125,0.00021007351018919576,1.8284359009432216e-07,6.050693016578123e-05,1.5322484344964055e-05,2.473842248912627e-05,3.443707599352045e-05,0.0,1.755839942717781e-08,3.8601586656987206e-07,1.245385015760115e-06,6.84694317089245e-07,2.5915542954906067e-05,1.3857907132270547e-05,4.687772696158953e-08,4.4539507668906436e-07,25.724879698012955,146.93946266702952,2906962432
115,13685,0.00025,0.00125,0.00017920125095067773,1.8022589041378831e-07,5.970423836809233e-05,1.5135869473433269e-05,1.7533557309039805e-05,2.6792458969380253e-05,0.0,1.5138839092263344e-08,3.91500930542558e-07,1.456321236131261e-06,5.011834165815291e-07,3.809506029245399e-05,2.514326796309823e-05,4.031854461215646e-06,7.32506702845404e-07,25.062301225028932,150.82413885541496,2906962432
116,13804,0.00025,0.00125,0.00018754964985419066,1.7809653946214076e-07,5.967027344340557e-05,1.496117434129624e-05,1.9643755056089956e-05,2.903002335057993e-05,0.0,1.3089055932470522e-08,4.3006621767769007e-07,1.5950357596175213e-06,5.55295328770929e-07,7.462218979656297e-05,1.2264128045422867e-05,2.4767550087290146e-06,5.408881842564976e-07,25.416327252984047,148.72329752349262,2906962432
117,13923,0.00025,0.00125,0.0003550359746133268,1.8564631167459727e-07,6.452217356165718e-05,1.5471354291312984e-05,5.9089930789288326e-05,6.934318798668091e-05,0.0,2.3775544643814306e-08,2.5168335466534903e-06,1.101660046399971e-05,1.5675672692677403e-06,7.083941063250504e-05,8.037197292738017e-05,3.6574855922871e-05,1.985197443554214e-06,25.990684035001323,145.4367262866003,2906962432
118,14042,0.00025,0.00125,0.00023968478947478746,1.7105122547114642e-07,5.920640772384734e-05,1.4364824335971015e-05,3.2838527139184794e-05,4.2249997920681915e-05,0.0,1.7731591466075593e-08,1.3988592891001603e-06,6.122107053968687e-06,8.721893915321142e-07,3.076820920839617e-05,1.069136060323217e-05,1.6640862717005284e-06,3.833109984508978e-07,25.16695860296022,150.19693319459682,2906962432
119,14161,0.00025,0.00125,0.00020132778024870075,1.6951651150159864e-07,5.9366210866731805e-05,1.4186825824759177e-05,2.3522315391515062e-05,3.273198361817757e-05,0.0,2.04673087006593e-08,9.077562165455472e-07,3.883751792056414e-06,6.550292906713222e-07,3.131217059230299e-05,6.431418590918405e-05,4.674341696608324e-07,1.5772825073716896e-06,25.23048943199683,149.81873459839727,2906962432
120,14280,0.000125,0.000625,0.000202391561208214,1.6763618765811548e-07,5.936874409339258e-05,1.402599410399999e-05,2.3859498188362786e-05,3.3141047987599104e-05,0.0,1.8198901204308256e-08,8.002816110083057e-07,3.340246454297418e-06,6.611616007441106e-07,3.4993358695785336e-05,2.8977371992022242e-05,3.103273269559958e-06,7.710472611203538e-07,25.06876957300119,150.78522258511728,2906962432
121,14399,0.000125,0.000625,0.00013891187226695438,1.6380004203097448e-07,5.7953075433726464e-05,1.3747876607614296e-05,8.809516944296697e-06,1.7788666915659738e-05,0.0,9.714632300123662e-09,1.0190398242495876e-07,2.2522959170751477e-07,2.8429032041727893e-07,1.886980239110666e-05,8.819108093337578e-06,5.8755182349064704e-08,2.839233689298583e-07,25.318767228978686,149.29636841376652,2906962432
122,14518,0.000125,0.000625,0.00013167391942010788,1.626510096282983e-07,5.765363538071696e-05,1.3666322532420357e-05,7.225240669531222e-06,1.6010389635368638e-05,0.0,7.917450217606136e-09,5.2936014491456155e-08,2.2907242278238325e-08,2.417728301790424e-07,1.936694811558395e-05,7.90594433402432e-06,5.743377615190292e-08,2.7086696101313073e-07,25.611512709991075,147.58987658411206,2906962432
123,14637,0.000125,0.000625,0.00013111903345724814,1.622639656013701e-07,5.7568389148742115e-05,1.3623940676023258e-05,7.110081299735669e-06,1.593399717455247e-05,0.0,7.791521108255397e-09,5.1563584678908684e-08,1.8287748740397273e-08,2.395301746541461e-07,1.4582071543416186e-05,1.3272515731105592e-05,1.8598968041873474e-08,3.761292667886231e-07,25.21952844900079,149.88384924182694,2906962432
124,14756,0.000125,0.000625,0.000131049598524071,1.6161799998198624e-07,5.752824599671094e-05,1.3572814040580178e-05,7.165315171386326e-06,1.5914953485388118e-05,0.0,7.610040936976666e-09,5.2808221850319144e-08,2.392157633132094e-08,2.401195329202748e-07,2.1917223576955232e-05,5.692437060220289e-06,7.717693672285955e-08,2.3521754063235026e-07,25.463347290991805,148.44866846462304,2906962432
125,14875,0.000125,0.000625,0.00013144678260980754,1.6087121959677827e-07,5.750728293110138e-05,1.3510961627289555e-05,7.268935477773156e-06,1.6079684925017998e-05,0.0,7.475118849130006e-09,5.8717309213889965e-08,5.0957801885480333e-08,2.4262874418396946e-07,1.749454830652602e-05,9.947209729857387e-06,1.7183244723402898e-08,3.0835552111273584e-07,25.1735244509764,150.1577582972648,2906962432
126,14994,0.000125,0.000625,0.00013123032085353596,1.6025425631678397e-07,5.7418586875043474e-05,1.3452783216495639e-05,7.311084898122187e-06,1.6033706397234547e-05,0.0,6.821554301792479e-09,5.5649788656842125e-08,3.5379379068952585e-08,2.4286956421525803e-07,1.8321031027534488e-05,9.192844200221035e-06,9.291098793609433e-08,2.9336727823733997e-07,25.666637172922492,147.27289650503118,2906962432
127,15113,0.000125,0.000625,0.00013063013253033793,1.5927868541136073e-07,5.7392326881493094e-05,1.338015116979713e-05,7.185623309861132e-06,1.594588410669184e-05,0.0,6.657080749554463e-09,5.454457971876446e-08,3.1939853362961946e-08,2.4078304523086036e-07,1.9468394757062753e-05,8.175959525639579e-06,7.704003164933836e-08,2.757391049120391e-07,24.847451547975652,152.1282773286245,2906962432
128,15232,0.000125,0.000625,0.0001334990011639006,1.5880603466930023e-07,5.738866079978093e-05,1.3313907488953278e-05,7.932740600298285e-06,1.669635393511425e-05,0.0,6.564824060258799e-09,6.487371568600456e-08,6.449186781223727e-08,2.5987671061778554e-07,1.1342853343064365e-05,2.777114690009815e-05,2.691646812314459e-07,6.832029758438043e-07,24.872876379056834,151.97277316839765,2906962432
129,15351,0.000125,0.000625,0.00015797974729957307,1.5792744792990137e-07,5.7707768201239154e-05,1.3250994886831865e-05,1.400137720526208e-05,2.2739051593585856e-05,0.0,7.3716821968237135e-09,1.3046748174703065e-07,2.4123740379080733e-07,4.1110000494434585e-07,1.694223959757004e-05,2.041836341093239e-05,5.90309383867515e-07,5.549021707230124e-07,25.554748430033214,147.91771518899225,2906962432
130,15470,0.000125,0.000625,0.00013896231200772696,1.5616255830286598e-07,5.723275872509158e-05,1.3117326368705897e-05,9.488677076939784e-06,1.8128037574194698e-05,0.0,6.010167493140024e-09,1.0470804002858931e-07,2.2656969896935926e-07,2.9697050117358724e-07,1.9986604214257872e-05,2.9188964721730113e-05,1.7052430582084742e-07,7.729499657216365e-07,25.83387567999307,146.31950880399273,2906962432
131,15589,0.000125,0.000625,0.00014891725507190342,1.552691007686893e-07,5.741783740521266e-05,1.3031219540121682e-05,1.201610118629808e-05,2.055007949320257e-05,0.0,6.5568691962866755e-09,1.4869258778417522e-07,3.8246817213187344e-07,3.609947667890025e-07,4.35824292210219e-05,2.8597978728482434e-06,1.4034309556011847e-06,2.3701298698056018e-07,25.97885284095537,145.50296054800666,2906962432
132,15708,0.000125,0.000625,0.00014550237458756086,1.537813889304291e-07,5.732050822911015e-05,1.2901330881976282e-05,1.1117017923439446e-05,1.992604625542222e-05,0.0,6.481559992983475e-09,1.386459519196814e-07,3.499967582143731e-07,3.432330013840338e-07,3.279679883798096e-05,6.535992577569449e-06,2.2283682945439544e-07,2.8716406542831207e-07,25.185224778950214,150.08799933996698,2906962432
133,15827,0.000125,0.000625,0.00014881995970398069,1.5260848017148164e-07,5.700712666366983e-05,1.2801832953680778e-05,1.2078397560765518e-05,2.0883418635031575e-05,0.0,5.188766214810767e-09,1.324093074418386e-07,3.0407382804655776e-07,3.579727091626352e-07,1.6940858127089173e-05,4.7395293430391966e-05,1.9662976983779247e-07,1.064557397425926e-06,25.680505693075247,147.19336313611916,2906962432
134,15946,0.000125,0.000625,0.00019194900988916516,1.5173027847857483e-07,5.7879668366651804e-05,1.274317986172194e-05,2.259990262207495e-05,3.146051712589469e-05,0.0,6.861879985132017e-09,3.097246449624195e-07,9.244990913372483e-07,6.241241334748492e-07,7.588508292212195e-05,3.1328682304038446e-05,3.2266321882378266e-06,9.513487904249424e-07,25.039669051067904,150.96046166947198,2906962432
135,16065,0.000125,0.000625,0.00014816417887612252,1.486455876604528e-07,5.6785924909741094e-05,1.2491888113674971e-05,1.2078055373248865e-05,2.0944139746630014e-05,0.0,6.3154158389125166e-09,2.008107954122265e-07,6.428722099808053e-07,3.611817670803272e-07,2.3470786046735677e-05,7.114828081068394e-06,4.5515800594774275e-07,2.7583749288494023e-07,25.44827355898451,148.53659880850626,2906962432
136,16184,0.000125,0.000625,0.00013694391714004928,1.468985465060291e-07,5.664311559740257e-05,1.2334313304991974e-05,9.558190751665891e-06,1.814275781812501e-05,0.0,4.545987638178891e-09,8.292429036207488e-08,1.1448887488751536e-07,3.0013257692285897e-07,2.349045804467529e-05,2.754775433415835e-05,2.2347398655819278e-06,6.942278643929881e-07,25.349422572995536,149.11582262338365,2906962432
137,16303,0.000125,0.000625,0.00013391844917177444,1.4555101280940882e-07,5.6395469229235977e-05,1.2223676822994276e-05,8.980589982504998e-06,1.7433019502999422e-05,0.0,4.63837534307269e-09,1.0239215266175034e-07,2.2870899528241367e-07,2.8325176802633797e-07,2.3976701413630508e-05,4.632703401815282e-06,2.798083406117615e-07,2.1611859520611514e-07,25.201007799012586,149.99400143624837,2906962432
138,16422,0.000125,0.000625,0.00013225864677224308,1.4385394997535038e-07,5.625361795263074e-05,1.20907029523796e-05,8.621196384747573e-06,1.7128834488127805e-05,0.0,5.164802353091539e-09,1.7919089455917088e-07,6.220076295569266e-07,2.7394684323892774e-07,1.6086154383152636e-05,2.1432562213400767e-05,2.0717905196458256e-06,5.576608788801639e-07,25.56934486993123,147.83327532357566,2906962432
139,16541,0.000125,0.000625,0.00016124523662107077,1.4370400854793977e-07,5.676339981152316e-05,1.2047254563305865e-05,1.5671326182008086e-05,2.42563481151592e-05,0.0,7.522518042063351e-09,3.875232046782181e-07,1.484620399421469e-06,4.5299562396962154e-07,8.778348197839002e-05,4.860156474197061e-05,3.0117959556583803e-07,1.4446816949419457e-06,25.101059241918847,150.5912544793085,2906962432
140,16660,0.000125,0.000625,0.00021610109127193156,1.4288841982075638e-07,5.7176567143489604e-05,1.197384520180224e-05,2.927401445087824e-05,3.787420651408543e-05,0.0,6.2535855161664794e-09,5.368790390254843e-07,1.904488561185115e-06,7.799066339423064e-07,0.00012982327746049988,4.53522551522058e-05,3.089119271039852e-05,1.3396472175892475e-06,24.878319932031445,151.93952044700404,2906962432
141,16779,0.000125,0.000625,0.00016809791456951105,1.3854484387339562e-07,5.611749902190813e-05,1.1632913916766589e-05,1.736744243365056e-05,2.601402929892256e-05,0.0,1.9760115281534525e-08,1.8111241082224104e-06,8.566425301415576e-06,4.891952396964751e-07,1.4902059133635789e-05,1.5693991969913312e-05,8.445687886445999e-07,4.270029870938396e-07,25.311080913059413,149.34170583168122,2906962432
142,16898,0.000125,0.000625,0.00012822763660335027,1.3621511697545998e-07,5.573468269267804e-05,1.1440134124424451e-05,8.195359141946365e-06,1.6504643350518085e-05,0.0,4.448630429229326e-09,7.602172762857371e-08,1.1652654722055674e-07,2.635820909223117e-07,1.3237870241157777e-05,2.2410216020251116e-05,1.1894791295422432e-07,5.770109835014279e-07,25.159449542989023,150.24176079612766,2906962432
143,17017,0.000125,0.000625,0.00012955172412422677,1.3497175055822745e-07,5.555767418136672e-05,1.1338649544986236e-05,8.66108710291517e-06,1.688495896968845e-05,0.0,3.879033153475545e-09,8.929813814589466e-08,1.733695192176547e-07,2.731211715118185e-07,2.180630874049495e-05,8.433738400440017e-06,3.541309557216924e-07,2.888316909580421e-07,26.215646411990747,144.188700922937,2906962432
144,17136,0.000125,0.000625,0.0001610770366073305,1.34796656677387e-07,5.6059725423837475e-05,1.1307307826302744e-05,1.6336896034156555e-05,2.4711786879316803e-05,0.0,5.1946110433340555e-09,1.7001433654872182e-07,3.831415152260301e-07,4.669301675175789e-07,5.799924568106819e-05,1.6094831413023974e-05,3.9089955561978837e-07,5.581123375685863e-07,24.985443077981472,151.2880915580457,2906962432
145,17255,0.000125,0.000625,0.00016074520282455962,1.316835362473963e-07,5.568493247400506e-05,1.105326604441938e-05,1.6392476460342075e-05,2.488889251407556e-05,0.0,5.024595084101195e-09,2.588143927483235e-07,8.264549253435834e-07,4.676170383980341e-07,1.731716058982004e-05,9.995594332611376e-06,1.4331912080392397e-07,3.1711134597788346e-07,25.640115158981644,147.42523489313888,2906962432
146,17374,0.000125,0.000625,0.00012138364349199932,1.2996382779227462e-07,5.512240898078455e-05,1.0910435248757331e-05,7.032840673995904e-06,1.5092581731440356e-05,0.0,3.0639378552856703e-09,5.9249137889098043e-08,6.475384743682734e-08,2.3149184200866287e-07,2.343221824828236e-05,4.929764301258339e-06,5.300969595130785e-08,2.1887077225745174e-07,26.423971468000673,143.05192558119302,2906962432
147,17493,0.000125,0.000625,0.00017248591132186077,1.2938291200695794e-07,5.55604723260292e-05,1.0878832789973194e-05,1.9574828739298038e-05,2.784011558298189e-05,2.906602206422052e-10,5.519151745079196e-09,2.0792042737075128e-07,4.958691150512423e-07,5.437330218025141e-07,8.319685144843312e-05,7.740670754130752e-05,5.543112534464204e-06,2.2012136555748015e-06,25.674180313944817,147.22962734459375,2906962432
148,17612,0.000125,0.000625,0.00023220311286711385,1.2978572539078225e-07,5.7111241948352286e-05,1.0854136524829773e-05,3.378764156772011e-05,4.2525874900449285e-05,0.0,1.2094789195428703e-08,6.255693784219653e-07,2.221567215851142e-06,9.062796762586842e-07,2.7845627318172426e-05,9.25685059579943e-06,1.6509459029074541e-07,3.361889363467136e-07,25.569412151002325,147.83288632827734,2906962432
149,17731,0.000125,0.000625,0.0001257045195353582,1.242039664768007e-07,5.469065438355467e-05,1.0425176553143449e-05,8.467357638822505e-06,1.6512665809834346e-05,0.0,3.3939294852284737e-09,7.892252440760473e-08,1.2835874480182846e-07,2.6625387723619516e-07,1.6647796188148538e-05,8.949323572388884e-06,4.050490778763019e-08,2.91461130007606e-07,24.944745042012073,151.53492223046192,2906962432
150,17850,0.000125,0.000625,0.00012864437350472338,1.2284206987683873e-07,5.461614029685272e-05,1.0312017036118993e-05,9.27322308073854e-06,1.7320981882337023e-05,0.0,4.594549765006132e-09,9.248746820694266e-08,1.7400197397218369e-07,2.884353670625296e-07,2.137394608975488e-05,2.0093248791194388e-05,3.592800662014876e-07,5.513198205097155e-07,25.54074796498753,147.99879804545284,2906962432
