epoch,global_step,learning_rate,L_total,L_K,L_multi,L_rec,L_var,L_physics,L_mass,L_operator,val_rollout,val_reconstruction,val_mass,val_operator,epoch_time,samples_per_sec,peak_gpu_memory
1,119,0.001,1.874629919869559,4.3597746688265855e-07,3.6955488843160376e-05,0.9372363655655472,0.0008283908434566997,0.0,0.5858080333172684,15.055817197365736,0.9738861015864781,0.9772583972840082,0.032036168175926874,15.85057996114095,28.002423141966574,134.98831800505874,2888410624
2,238,0.001,1.8412118571145193,1.2503819513172765e-06,9.249049964069547e-05,0.9205128129197176,0.0,0.0,0.14845287512652772,14.809829774483172,0.9723638035002209,0.9757440090179443,0.017156386961938726,15.860944711594355,27.2817197139957,138.55431547670491,2888410624
3,357,0.001,1.8317575437051279,2.3220734662750844e-06,9.304592760080205e-05,0.9157845608141056,0.0,0.0,0.11087306464317614,14.746205068517614,0.9812706260454087,0.9853313809349423,0.18343224676888592,16.077055177234467,26.79016494494863,141.09655568629603,2888410624
4,476,0.001,1.8305020140592383,4.980206704107495e-06,0.0002003008868236085,0.9150482173949953,0.0,0.0,0.14288122039386836,14.735855259971013,0.9720067580540975,0.9759190928368341,0.06983832154267779,15.924091466267903,26.95820829301374,140.21703367354695,2888410624
5,595,0.001,1.8307566032207832,7.15949027437245e-06,0.00027240250030502916,0.9151023177242784,0.0,0.0,0.17476995029146708,14.73706784929548,0.988368306841169,0.9924778410366604,0.12886435356700704,16.159960519699823,26.486822265957016,142.71247649282407,2888410624
6,714,0.001,1.8629423224736774,4.948064284213788e-06,0.0003925095625356007,0.9310761815025693,0.0,0.0,0.38264627757841946,14.966682226191121,0.9669891845612298,0.9709384974979219,0.1320371498212418,15.833868312835694,26.143317131034564,144.58761988978003,2888410624
7,833,0.001,1.8272791738863345,2.2229899634362603e-06,0.00012564369201384208,0.9135128314532931,0.0,0.0,0.14003420791455679,14.702563973078652,1.0035506941023327,1.0071298480033875,0.03155660031230322,16.401801363627115,26.415396803000476,143.0983614666215,2888410624
8,952,0.001,1.8333747164912955,3.5663282148932383e-06,0.00020941285286825545,0.9164761644191843,0.0,0.0,0.19308734072973488,14.762249751822658,0.9958007596787952,0.9994919964245388,0.0528763458398836,16.3121178490775,25.993181531026494,145.4227523278765,2888410624
9,1071,0.001,1.8199032786031248,4.4109563291794745e-06,0.00019832125108993351,0.9097511101021338,0.0,0.0,0.10641064479276932,14.635580226353236,0.9870962778727214,0.9907956412860326,0.10640523896685668,16.130216144380114,26.31473088200437,143.6457783645812,2888410624
10,1190,0.001,1.8322942753948233,4.7049729699417655e-06,0.000245184812975971,0.9158995987246277,0.0,0.0,0.1750194544396388,14.737160088271692,0.9810193924676804,0.9845519627843584,0.0807380236108743,16.026524443853468,25.8765902830055,146.07797853809674,2888410624
11,1309,0.001,1.8278946646937617,5.103087253234455e-06,0.0002694067869842959,0.91367537697787,0.0,0.0,0.16898015408367706,14.71890878828745,1.008892049675896,1.012489372775668,0.10052914328961855,16.476334408351352,26.412162585009355,143.1158841247403,2888410624
12,1428,0.001,1.8249789656785431,6.80860434046721e-06,0.0002756140063635059,0.912210465739013,0.0,0.0,0.10381121111925316,14.681967556665814,0.9957673898765019,0.9994952017352694,0.1149110406459797,16.270774023873464,25.785862196004018,146.59195691295437,2888410624
13,1547,0.001,1.8203538392586682,6.059168422734488e-06,0.0002557047661862006,0.9099181856427874,0.0,0.0,0.1144655331259682,14.661836408181165,1.0049677423068455,1.009937762646448,0.09589077995291778,16.491402062915622,25.927123156026937,145.79326743088012,2888410624
14,1666,0.001,1.82734269717383,6.208933148377462e-06,0.0002968720914968462,0.9133713713398686,0.0,0.0,0.16035412611075178,14.705345624086087,1.035146807488941,1.0376256499971663,0.1598849504476502,16.875834964570544,26.18576335196849,144.35324833544874,2888410624
15,1785,0.001,1.8173762311380377,5.260780206241642e-06,0.00022147825448502783,0.9084640081597384,0.0,0.0,0.07126790491282625,14.623212739651796,1.0421928814479282,1.0439496097110568,0.0666021495458803,16.95053123292469,25.669815843983088,147.25465982982573,2888410624
16,1904,0.001,1.827234041375458,6.110428248142679e-06,0.0002943830817775239,0.9133195821570341,0.0,0.0,0.16432263075359285,14.710096523749135,1.0418201310294015,1.0436805645624796,0.1439216333175344,16.97217863173712,25.932924947992433,145.76065012260116,2888410624
17,2023,0.001,1.8325962088095449,6.039558396783379e-06,0.00035363707583485095,0.9159414483125878,0.0,0.0,0.1718639121405662,14.748156852318496,1.0238918514478774,1.0253025406882876,0.4304729421933492,16.67348590124221,26.083467758027837,144.9193809299613,2888410624
18,2142,0.001,1.8234115688889114,2.9761250684882896e-06,0.00016477002827549185,0.9115395263389304,0.0,0.0,0.10275687321468636,14.665900842979472,1.0245225957461765,1.0270184795061748,0.03918961192969055,16.67099630265009,26.265435833018273,143.9153731935475,2888410624
19,2261,0.001,1.8218914725793103,4.6987838272774335e-06,0.00022677390529126146,0.9107166139537064,0.0,0.0,0.0952106300288092,14.661427859149912,1.0100439718791416,1.0129496370043074,0.0818110159664814,16.461949139549617,25.83509328000946,146.31261281045454,2888410624
20,2380,0.001,1.8213582255852916,6.192908295291345e-06,0.0003013363352880651,0.9103746788842337,0.0,0.0,0.15683938626732144,14.659689188760424,1.0463788265273684,1.0484049249263037,0.05467697431643804,17.05513894217355,26.614909889001865,142.02565463360887,2888410624
21,2499,0.001,1.8263507928797809,5.890383530756466e-06,0.000325337390380877,0.9128471155645986,0.0,0.0,0.14744995254530477,14.70300426785908,0.9917800982793172,0.9947531464554015,0.09900944370865113,16.209381203424364,26.044657638994977,145.13533072289079,2888410624
22,2618,0.001,1.8186424048489365,7.548277209878352e-06,0.0003539511810808945,0.9089634796929738,0.0,0.0,0.12258835865588731,14.654305374306977,1.023304421561105,1.0252563101904733,0.05521169972295562,16.692468570527577,25.771009839954786,146.6764408331246,2888410624
23,2737,0.001,1.815919132333584,8.893936203055702e-06,0.00033004756004576663,0.9076250743613672,0.0,0.0,0.10834882283021534,14.620341277753235,1.0180199066797893,1.020882324945359,0.24504987518081353,16.610639890034992,25.82064451399492,146.39448670428118,2888410624
24,2856,0.001,1.8225123931491185,8.707775969640197e-06,0.000401088004536365,0.9108507519045835,0.0,0.0,0.13843648671000092,14.662599923875597,1.0031061547143119,1.0069090079693568,0.12311053481839952,16.408831614539736,25.87472072301898,146.0885333010451,2888410624
25,2975,0.001,1.8221203274197049,1.1563483365525297e-05,0.00048410504112123616,0.9105702774865286,0.0,0.0,0.18282859994778558,14.669807861974,1.0148251590274628,1.017199228491102,0.19849706933878009,16.587808490934826,25.730202541977633,146.90906508928973,2888410624
26,3094,0.001,1.8259722415101591,1.1782047137530368e-05,0.0004712904068621654,0.912508940349811,0.0,0.0,0.2063212694472106,14.702225280438782,0.9974146760645367,1.0005692260605947,0.17502364714940388,16.332314164297923,26.174538452003617,144.41515394555685,2888410624
27,3213,0.001,1.8171716132491984,1.0169801825930663e-05,0.00038928879245071025,0.9081914347315592,0.0,0.0,0.14281191972513047,14.60990871247791,1.0235315124193827,1.0261364034243992,0.18576960099772327,16.64697018577939,26.363524955988396,143.37991624072959,2888410624
28,3332,0.001,1.8106523564252903,1.2470309493389405e-05,0.00045787232722249374,0.9048620708405025,0.0,0.0,0.14964769487540241,14.577136235514645,1.0160131752490997,1.0194145841257913,0.33381539059891585,16.64818205152239,25.899348651990294,145.9496163703529,2888410624
29,3451,0.001,1.8104130023370975,1.5840087690829205e-05,0.000552849096684007,0.9046457305787101,0.0,0.0,0.21976388759083218,14.575292815354766,1.0006389282998585,1.0036035668282282,0.32425195715789285,16.367414974030993,25.852306902990676,146.21519132448168,2888410624
30,3570,0.001,1.8010963948315413,1.8153696531600064e-05,0.0004948758934492063,0.9000442437393955,0.0,0.0,0.20115163738213518,14.505360198651672,1.0362128780001685,1.038315734125319,0.11315468028187751,16.935945719764348,26.797135278000496,141.05985437567452,2888410624
31,3689,0.001,1.8031560138419822,1.9812033847470216e-05,0.0005760715037544884,0.9009920305045194,0.0,0.0,0.21540776486434635,14.52799923003666,1.0725621297245933,1.0713533665452684,0.13768199862291416,17.483080564226423,26.194932168000378,144.30272144844997,2888410624
32,3808,0.001,1.805893166355355,1.4001625287746913e-05,0.000533345791359713,0.9024062370497082,0.0,0.0,0.1948326859564062,14.527389639395254,1.0190955945423672,1.0210397777103242,0.09615208187384443,16.621586590721492,25.8792152130045,146.0631618419604,2888410624
33,3927,0.001,1.7999988375517426,1.5920198322862026e-05,0.0005161237649166237,0.8994753331103653,0.0,0.0,0.2248122910303729,14.495875412068038,1.0319980371566047,1.0359307323183333,0.45844940976017995,16.967240115574427,26.223502427048516,144.14550499177707,2888410624
34,4046,0.001,1.799770955686216,1.3332033921431975e-05,0.0006168450237493272,0.8992619651965994,0.0,0.0,0.23697704735887112,14.497066071929124,1.0214432441052936,1.0237188049725123,0.27679316695956957,16.65680974778675,26.010348422976676,145.32677296475097,2888410624
35,4165,0.001,1.7947009505418243,1.1024675686760847e-05,0.00046209207093515607,0.8968828692007317,0.0,0.0,0.20386642316977183,14.461630944347887,1.0148443318548657,1.0160597506023588,0.15769271502005203,16.583661569867814,25.87477894098265,146.08820460347656,2888410624
36,4284,0.001,1.7967153787612915,1.1734225226877406e-05,0.0005054221075230214,0.8978463999808781,0.0,0.0,0.1914689947826364,14.488535412783346,1.0592094750631422,1.0593086049670264,0.20140292310998553,17.234025142306372,25.810300720040686,146.4531560868246,2888410624
37,4403,0.001,1.7874401795170294,1.1138945879196322e-05,0.0004591998092278286,0.8932553230139314,0.0,0.0,0.23196044630474513,14.410524144248356,1.041733591897147,1.0447037415845053,0.176788926319707,17.093734791165307,25.867500219959766,146.12931160171763,2888410624
38,4522,0.001,1.798061225275514,8.286419551709922e-06,0.00039836003127256554,0.8986281098512114,0.0,0.0,0.21709731669022292,14.497375007911964,1.1263720245588393,1.1208226345834278,0.23010408651649153,18.430974088396344,27.06352753099054,139.67137120877936,2888410624
39,4641,0.001,1.8014148413188873,7.3923240285342904e-06,0.00044012940464117537,0.9002635969056023,0.0,0.0,0.18571553074966662,14.536765592060393,1.0260502264613196,1.0283182186739785,0.16013248564586752,16.76524704524449,26.290237954002805,143.77960392041558,2888410624
40,4760,0.0005,1.7893570416818851,7.660749503533003e-06,0.00038812147680098417,0.8942865711040597,0.0,0.0,0.1732634077469508,14.4416494167671,1.0371134457134066,1.038646578221094,0.2187950101015823,16.902742585681732,25.794068656978197,146.54531823839966,2888410624
41,4879,0.0005,1.7701088733774013,7.960070513310336e-06,0.00030801523336401537,0.8847424426406779,0.0,0.0,0.18984422746789517,14.277830224819285,1.0301671703656514,1.0311270725159418,0.12178371708307947,16.86056852794829,26.64439037203556,141.86851142847965,2888410624
42,4998,0.0005,1.770944920544902,8.634697129579123e-06,0.00034767407061601127,0.88512046564193,0.0,0.0,0.21527224869009048,14.295249774468639,1.0156539627483914,1.0186032110736483,0.19639834939014345,16.599156152634393,27.116497058945242,139.39853631474298,2888410624
43,5117,0.0005,1.7602310654978273,8.35362188207568e-06,0.000288252594662712,0.8798231041620648,0.0,0.0,0.23774674140587054,14.218851287276657,1.0029081077802748,1.0056237484727586,0.26003293492609547,16.348473022097632,25.98601403500652,145.46286301961706,2888410624
44,5236,0.0005,1.7571959461484636,8.199100369094316e-06,0.00028684747047480886,0.878307025710111,0.0,0.0,0.23023202400358897,14.218165318928067,1.037442413114366,1.0408288986909957,0.3618251162270705,16.9708906128293,25.814691690029576,146.4282450237417,2888410624
45,5355,0.0005,1.7611436479306095,8.37187977431409e-06,0.0002864135728462811,0.8802812239480398,0.0,0.0,0.28298471115884327,14.238261457978103,1.0010457450435275,1.0046748697757721,0.21294586729435694,16.363835879734584,26.17151269002352,144.43185018651678,2888410624
46,5474,0.0005,1.7581867272260958,7.47310099656701e-06,0.00025459323158467966,0.8788350320366956,0.0,0.0,0.2697245962405331,14.21363522968595,1.1283073334466844,1.1344648273218245,0.5102722117677331,18.885841015407017,26.214279162988532,144.196221322649,2888410624
47,5593,0.0005,1.7517041808082945,6.653837716979469e-06,0.0002558104878675843,0.8755929524305637,0.0,0.0,0.2897673600565189,14.190695878689882,1.0870239862373896,1.0903463630449204,0.10529553854527572,17.995164680480958,26.267009934003,143.90674878859124,2888410624
48,5712,0.0005,1.7557044811349698,6.84854708245357e-06,0.00022577459743140492,0.8776230417231403,0.0,0.0,0.3083731814509346,14.214151339051584,1.0516957016218276,1.0561603083497002,0.26608878847743783,17.24515524818784,26.141716643993277,144.59647204800342,2888410624
49,5831,0.0005,1.7505382703094887,6.504714157792343e-06,0.00021357490447357239,0.8750523067656018,0.0,0.0,0.3005679865520467,14.172886572943794,1.0506461029960996,1.0558414286091213,0.2730911802677881,17.29643946602231,25.73189941298915,146.89937728001152,2888410624
50,5950,0.0005,1.7380830096189308,6.6572345757483385e-06,0.0001848783098264701,0.8688532986338177,0.0,0.0,0.3651832701983275,14.091398348127093,1.0579928017797924,1.0630035979407175,0.3913547231904453,17.431414940243677,26.229110826039687,144.11468330246632,2888410624
51,6069,0.0005,1.7558395476568314,5.682312659036908e-06,0.00020318241785625342,0.8777137485761491,0.0,0.0,0.309055487835218,14.22803705609034,1.032895051581519,1.0382871318431128,0.27118657390930734,16.941503570193337,25.983675782976206,145.47595311655454,2888410624
52,6188,0.0005,1.7449470074719222,6.12000618111875e-06,0.00018770948464171615,0.8722827327945245,0.0,0.0,0.3305148929594055,14.12130490964052,1.0007449581509544,1.0045561302275885,0.17205964922904968,16.260786383492604,25.866567319026217,146.1345818863105,2888410624
53,6307,0.0005,1.7419226850782121,6.141284072890856e-06,0.00018863028057643938,0.8707696423328742,0.0,0.0,0.2841386291636992,14.126176168048193,1.0227155540670667,1.0277368190742675,0.33733060587020147,16.68063190551031,25.904338249005377,145.921504099613,2888410624
54,6426,0.0005,1.736145530932795,7.14565364974896e-06,0.00019612742336768725,0.867873064172331,0.0,0.0,0.3320673186233435,14.0906291618549,0.9831177813666208,0.9866882991223108,0.12848339503010114,15.999584588550386,25.786378686025273,146.5890207394085,2888410624
55,6545,0.0005,1.7236096659665385,5.969018304202388e-06,0.00015312426198592962,0.8616487211651273,0.0,0.0,0.28441515260587924,13.97307021731422,1.1185349603494008,1.1258711962472825,0.562172632291913,18.503508613223122,25.706497485982254,147.04453619405882,2888410624
56,6664,0.0005,1.7263235384825046,7.609933492771926e-06,0.0001702954644637882,0.8629876704443069,0.0,0.0,0.3195841199506528,14.022472819575556,1.1156250105017707,1.1210978525025503,0.2337060241383456,18.445518847874233,26.026631805987563,145.2358502697376,2888410624
57,6783,0.0005,1.7134608099700281,7.099063373663171e-06,0.00013810424864040834,0.8565887504153782,0.0,0.0,0.24292935889864725,13.920944981852536,1.0105244517326355,1.0142911300772712,0.15627429605949492,16.414468960534958,26.17691526398994,144.40204133601358,2888410624
58,6902,0.0005,1.7185972786454298,9.651329296671233e-06,0.00017561222612611437,0.8591182008622185,0.0,0.0,0.22629097031537818,13.971032718880467,1.0520799943378993,1.0570237588314784,0.30422727826406204,17.25663359051659,26.10388727299869,144.8060191368491,2888410624
59,7021,0.0005,1.6950297774461212,1.0572928949456327e-05,0.0001357494147553567,0.8473738554293516,0.0,0.0,0.21459978891428186,13.766730638534304,1.034195437885466,1.039201933997018,0.2817761377919288,16.756278401329403,26.247421797015704,144.01414467419352,2888410624
60,7140,0.0005,1.6949416009206622,1.138214932147305e-05,0.00017531321063100623,0.8472897940211825,0.0,0.0,0.16876104994425697,13.757777166618872,1.092555942989531,1.0993042877742223,0.3026655314933686,18.040897755395797,26.00968160299817,145.33049876182545,2888410624
61,7259,0.0005,1.691072743153446,1.1623271642333724e-05,0.000233155163359168,0.8452974061486582,0.0,0.0,0.13768078058011948,13.737423921009851,1.0749956170717876,1.080289450145903,0.06677942484883326,17.594608479454404,25.567296442983206,147.84511958194935,2888410624
62,7378,0.0005,1.6834202587289153,1.1943452015594827e-05,0.00023215337944088908,0.841472004834937,0.0,0.0,0.1045725940396546,13.645073780685506,1.076978573061171,1.083026324283509,0.08479737459925846,17.57199217478434,25.614734783011954,147.57131127927775,2888410624
63,7497,0.0005,1.679196299194659,9.989183338624783e-06,0.0002355670311276323,0.8393575866386374,0.0,0.0,0.10633369427982461,13.624381650692571,1.1900310627051762,1.196973370086579,0.14115564725583507,19.784759203592937,25.979912574985065,145.49702540722168,2888410624
64,7616,0.0005,1.660537606572348,1.2994811627009844e-05,0.0002300794829217786,0.8300322268375013,0.0,0.0,0.09981742562755706,13.515458309839643,1.1201121673697516,1.1265596389770507,0.12308756732160137,18.50788419814337,25.71632468001917,146.98834483673124,2888410624
65,7735,0.0005,1.6565033197402954,1.0972766347395635e-05,0.00016479657589650107,0.8280813764012049,0.0,0.0,0.07156958047438551,13.453714704765845,1.11617498199145,1.1235862842627935,0.15080037933131235,18.366737915220714,25.86242736404529,146.15797453161986,2888410624
66,7854,0.0005,1.6557273131829722,1.0893311591933034e-05,0.00018344998571260404,0.8276747596957696,0.0,0.0,0.08059738052900506,13.442835408165342,1.21352153193383,1.2210183223088582,0.05068453178253202,19.974806444985525,25.567619405977894,147.8432520438805,2888410624
67,7973,0.0005,1.654426525635694,1.0782235698397493e-05,0.00020126354989654844,0.8270066087208097,0.0,0.0,0.07975007098503213,13.441471384442043,1.2530188708078294,1.2629531866028196,0.05268867552901308,20.831642173585436,25.75795617699623,146.75077378133832,2888410624
68,8092,0.0005,1.641418847205147,1.2144439814999705e-05,0.00025010983580994425,0.820453239054907,0.0,0.0,0.08377865002189995,13.346700271727547,1.179438346056711,1.1883541620913005,0.09728112078404852,19.55226989927746,25.917328976967838,145.8483628216165,2888410624
69,8211,0.0005,1.6575560895223467,9.488483887272344e-06,0.0002245335644585322,0.8285487678315905,0.0,0.0,0.09945940825516585,13.454147909053418,1.2028059323628744,1.2107523001375653,0.1711673820568692,19.966671089898973,25.82696108496748,146.35868260165304,2888410624
70,8330,0.0005,1.648095607631421,1.0850232032314928e-05,0.00032081964608065037,0.8237215588963221,0.0,0.0,0.06820558692924876,13.353071965616216,1.1783479168301536,1.1826377528054373,0.07757836083571117,19.276649479638962,26.027080658997875,145.23334558819252,2888410624
71,8449,0.0005,1.637886914626631,9.674143759530992e-06,0.0001784717830430184,0.8187601500718051,0.0,0.0,0.07210591133467104,13.300451235291819,1.1878871636731283,1.1982203912167322,0.13171694202880774,19.593551558539982,26.06722525996156,145.00968025185102,2888410624
72,8568,0.0005,1.630023778683294,1.0097860104959365e-05,0.00021575517349115144,0.8147910858588244,0.0,0.0,0.08616661651345787,13.215584097968208,1.2947108529862903,1.306094837756384,0.1477229457082493,21.853643253871372,26.09598498500418,144.84986875077306,2888410624
73,8687,0.0005,1.6348261834452391,9.353622689313996e-06,0.00021604478252046402,0.8171923700463835,0.0,0.0,0.08693537940739324,13.263380131393513,1.2067783758753823,1.2121085567133767,0.19013771638606808,19.811913013458252,25.90592596400529,145.91256090409894,2888410624
74,8806,0.0005,1.6203457510660566,9.693537748519765e-06,0.00024683097845236597,0.8099211993040862,0.0,0.0,0.08486080932869482,13.147024419068028,1.3756175410179865,1.3896427568935212,0.11006610243625584,23.068061551593598,25.686240531038493,147.16050001292948,2888410624
75,8925,0.0005,1.6539290536648381,8.936727697791337e-06,0.00021530403837219137,0.8267447551091512,0.0,0.0,0.10075731441457436,13.480112570303458,1.1946287075678508,1.202726303395771,0.19628811957580702,19.889675658089775,25.785201442951802,146.595713373154,2888410624
76,9044,0.0005,1.6292003235488972,8.531128935313847e-06,0.0002502671315115458,0.814345631271443,0.0,0.0,0.11358350748738284,13.202500051669974,1.27529460248493,1.2854873373394922,0.12558421340904066,21.294046574547178,25.722625755995978,146.95233821993764,2888410624
77,9163,0.0005,1.6073027056991738,9.349272753482822e-06,0.00015566714022372647,0.8034910110569505,0.0,0.0,0.09804565730706724,13.060773376182274,1.2579392711321513,1.2675645513193947,0.10876540680903764,20.848064785911923,25.921502835000865,145.82487844400762,2888410624
78,9282,0.0005,1.5982696449945843,1.0805700814248112e-05,0.00021666215680183587,0.7989127601265277,0.0,0.0,0.08745805433502904,12.988504532909898,1.293387038367135,1.3037712505885533,0.1034695305883707,21.653910337175642,25.68267193401698,147.18094790571024,2888410624
79,9401,0.0005,1.6187771459105154,1.1699473346260477e-05,0.0003294862294631207,0.8090532386113727,0.0,0.0,0.0976408589256819,13.12625900349289,1.2663979138646806,1.2763813558078947,0.13441698989786563,21.05808725811186,25.806258005963173,146.47609890308536,2888410624
80,9520,0.00025,1.594743879383834,9.234270675743194e-06,0.0001560921940528147,0.7972112308734308,0.0,0.0,0.08297748811661251,12.979193885238082,1.2148860040165128,1.2196253220240274,0.11478143320197151,19.761445072719027,26.079551086993888,144.9411451673768,2888410624
81,9639,0.00025,1.5781904633083041,9.84040149007111e-06,0.00014836676734457748,0.7889419430147403,0.0,0.0,0.06799970338978464,12.85417313651433,1.2323315245764597,1.2426661247298831,0.0891322297975421,20.263988603864398,25.727408687991556,146.9250185994962,2888410624
82,9758,0.00025,1.5819800566113185,1.0395065239795716e-05,0.00017802936255022705,0.7908068024292194,0.0,0.0,0.08630212043958997,12.894404231682026,1.200156059151604,1.2090133445603506,0.07413860510679937,19.717100170680453,25.4831505860202,148.33330703126126,2888410624
83,9877,0.00025,1.5676669871365583,1.0354987082469509e-05,0.00015312484042071022,0.783675190254494,0.0,0.0,0.083012032319629,12.781585946663347,1.2467501305398487,1.2558119345278966,0.08800944017157668,20.572866721380326,25.78908549598418,146.57363482658636,2888410624
84,9996,0.00025,1.5738516538862197,1.0767234762266363e-05,0.00018523259286426264,0.7867352103430127,0.0,0.0,0.08559461458334847,12.815668419933823,1.242847792875199,1.2508785514604477,0.0716963188678381,20.33600884392148,25.704939440009184,147.05344896150626,2888410624
85,10115,0.00025,1.5620870794568742,1.0698075423788781e-05,0.00017659887557519138,0.7808615915359013,0.0,0.0,0.09303407783191356,12.73343039618598,1.2181163980847314,1.2272297552653721,0.08281610940272609,20.076153800601052,25.825748514966108,146.36555443144184,2888410624
86,10234,0.00025,1.5558262965035816,1.0449033209350466e-05,0.0001622754964277163,0.7777456460806428,0.0,0.0,0.08593930591232878,12.651764321453356,1.2511980959347315,1.26056233389037,0.09149586960913786,20.669451114109584,25.68044456100324,147.19371352862316,2888410624
87,10353,0.00025,1.564840192012686,1.056113365973548e-05,0.00015373508176130671,0.7822610833026745,0.0,0.0,0.08310794336770577,12.756544460316814,1.2572899704887754,1.265329685097649,0.09146368295131695,20.61412890298026,25.636121879972052,147.44819897868737,2888410624
88,10472,0.00025,1.551269614002692,1.1111934746002099e-05,0.00017381586351865539,0.775455433414096,0.0,0.0,0.09093755828364501,12.648991942027259,1.251656827472505,1.2602012393020448,0.09471057938367483,20.496021243504117,25.955507830018178,145.63382942669062,2888410624
89,10591,0.00025,1.5572805643081664,1.1133273362185007e-05,0.00018949072186529598,0.7784452247871924,0.0,0.0,0.0977014338292142,12.67749388659442,1.2509422052474248,1.2583977744692847,0.10124004798320432,20.504104369027274,25.751108883006964,146.7897952345813,2888410624
90,10710,0.00025,1.5526074452374978,1.0803217254178697e-05,0.00018448344938131787,0.776113836538224,0.0,0.0,0.09294672466459729,12.665336120444,1.2396002990858896,1.245904008547465,0.09526072239414567,20.095852016267322,25.81226712698117,146.44199912408405,2888410624
91,10829,0.00025,1.5459557828449069,1.0867512006255325e-05,0.00018676340385345082,0.7727856954569539,0.0,0.0,0.09310495601129279,12.606631773489493,1.22821508929843,1.236538085767201,0.0999363311075805,20.150039473034088,25.76901257998543,146.68780917651046,2888410624
92,10948,0.00025,1.5512745697662313,1.0907022000917995e-05,0.00018783862453549066,0.7754439938320685,0.0,0.0,0.1020711710528722,12.64190976834171,1.2395345100334711,1.2486710732891446,0.10843629907107069,20.346911166963125,25.709460046025924,147.02759191491845,2888410624
93,11067,0.00025,1.5417252159623243,1.1119669042027598e-05,0.0002022987316921846,0.7706547506902583,0.0,0.0,0.10490690120471217,12.55729486374628,1.230808929602305,1.2420807917912802,0.0909261530132166,20.417972301301504,25.760996567027178,146.73345381514534,2888410624
94,11186,0.00025,1.5475490687385438,1.1052764837288084e-05,0.00022676663560098007,0.7735422401201157,0.0,0.0,0.10229343781395564,12.634900531062373,1.2831518054008484,1.2925514902387347,0.09941143776467513,21.100845382327126,25.637355855025817,147.44110201438687,2888410624
95,11305,0.00025,1.5407229886483893,1.1301572976181796e-05,0.0002196901571806323,0.7701361523734198,0.0,0.0,0.09878553841952924,12.520432700303497,1.3485464890797934,1.3610250177837553,0.13583398509681935,22.533550108046757,25.6839190730243,147.17380121206332,2888410624
96,11424,0.00025,1.5332351250623268,1.182892578187406e-05,0.00021084676225356777,0.7664008020093201,0.0,0.0,0.09618569565197778,12.514891736469572,1.2838619351387024,1.2930100418272472,0.10906038580551033,21.10393488747733,25.81328768102685,146.43620939375174,2888410624
97,11543,0.00025,1.53120666080051,1.1749540904958618e-05,0.0002351948070104564,0.7653622610228402,0.0,0.0,0.10048738046692161,12.504248380913305,1.2501868426799774,1.2579305662995293,0.11700316913026784,20.350852893647694,25.982214652001858,145.48413407510515,2888410624
98,11662,0.00025,1.5320519470033191,1.1620000909306568e-05,0.00023273394459109536,0.7657874290274564,0.0,0.0,0.10549402103695289,12.479686640179347,1.2312086576507204,1.2408004176049006,0.10081429580625678,20.201316733587355,25.659801731992047,147.3121281092045,2888410624
99,11781,0.00025,1.5336680440044907,1.151977878911778e-05,0.00023537435209767884,0.7665928874697004,0.0,0.0,0.10138992925997449,12.522333066425626,1.1895008427756173,1.1988547376223972,0.10362842391422462,19.48362444468907,25.696512624039315,147.10167310655908,2888410624
100,11900,0.00025,1.5207508926038389,1.1824601810191766e-05,0.00022904069764076402,0.7601404920456901,0.0,0.0,0.11563082396708153,12.393095439325565,1.2457133270445324,1.2560868893350874,0.1267025847520147,20.45538107554118,25.695162524993066,147.10940225901606,2888410624
101,12019,0.00025,1.5273375304287704,1.2129748379434373e-05,0.0002554514032983216,0.7634072488577909,0.0,0.0,0.11283475354944587,12.458375162800785,1.287654365244366,1.2961580018202463,0.11859972106204146,21.157627346402123,25.749609420017805,146.7983431648256,2888410624
102,12138,0.00025,1.5134811400105714,1.2189169002152677e-05,0.0002533135319094139,0.7564811631485268,0.0,0.0,0.1053580646950101,12.361781692504882,1.28533627476011,1.29563399042402,0.09767100507659572,21.06499215534755,25.90834199701203,145.898954106594,2888410624
103,12257,0.00025,1.5137275570914859,1.2401196496794771e-05,0.0002533586474816763,0.7566042198705926,0.0,0.0,0.11760197371717483,12.362843160276059,1.266628967580341,1.278182596252078,0.09714856268394562,20.96291958036877,25.764354231010657,146.71433120766102,2888410624
104,12376,0.00025,1.515640550189548,1.2488341118023046e-05,0.00027078852048525635,0.7575432432391657,0.0,0.0,0.10799167574082733,12.359715011637046,1.3504120247704643,1.3632770952724276,0.13170237935902107,22.612000392732167,27.333341700024903,138.29264059566327,2888410624
105,12495,0.00025,1.5117579192080826,1.2587704354484145e-05,0.0002751400845467788,0.7555975284525958,0.0,0.0,0.12004813797890194,12.342328784074732,1.2790672200066702,1.2901896249680291,0.08071644506195472,21.09792548588344,30.069429281982593,125.70907031697311,2888410624
106,12614,0.00025,1.5051662360549605,1.3048964445106947e-05,0.00026544163819087086,0.75231115124213,0.0,0.0,0.11102616187756655,12.278541601271856,1.2842914070401872,1.2953589706193833,0.10007601979277318,21.293422944205147,26.5255339150317,142.50420037192615,2888410624
107,12733,0.00025,1.5093701964332944,1.3095797420305042e-05,0.00029294147087192095,0.7543856097907616,0.0,0.0,0.1253499550478799,12.319082128938543,1.3311494475319272,1.3428394164357866,0.11613519520809253,22.130913153148832,26.386752680991776,143.25370179874383,2888410624
108,12852,0.00025,1.5172139795999677,1.2407799179541937e-05,0.0002721023057198162,0.7583286823419036,0.0,0.0,0.11716884410491696,12.38854554494222,1.3489712397257487,1.3571806879270645,0.1388390092933107,22.01773524511428,26.003793810959905,145.36340456625337,2888410624
109,12971,0.00025,1.5045696353155469,1.2874522235025233e-05,0.00030346087706102816,0.7519749237116051,0.0,0.0,0.11532603983210508,12.300062964706825,1.3563925493331181,1.3673317023686,0.11596832868776151,22.542584037780763,27.010176827025134,139.94725114934852,2888410624
110,13090,0.00025,1.5001163888860631,1.3061215495375028e-05,0.00030307833098550205,0.7497485854638317,0.0,0.0,0.120737201306555,12.266040664753586,1.328063686688741,1.3377906958262125,0.09169247170821541,22.05537260146368,26.171363830042537,144.43267169977884,2888410624
111,13209,0.00025,1.4869028421936843,1.3362664940744508e-05,0.00028464214253564555,0.7431600981288486,0.0,0.0,0.1011310015169401,12.147938567873032,1.3436277344113305,1.3549273292223611,0.09232714545159112,22.37792359306699,25.97940840094816,145.49984902127497,2888410624
112,13328,0.00025,1.498674708951718,1.4058956690455993e-05,0.00030704823054038185,0.7490232742021954,0.0,0.0,0.11875239437219327,12.243453577838878,1.2833736896514893,1.292066318648202,0.10572698037361815,21.15913101377941,26.1436355849728,144.58585867731117,2888410624
113,13447,0.00025,1.491915746971413,1.3465700140316841e-05,0.00030747104361320715,0.7456436705337,0.0,0.0,0.1088100497960729,12.172288045933637,1.3516792649314517,1.363934638386681,0.10848519241526014,22.602797926039923,26.223570629023015,144.14513009973072,2888410624
114,13566,0.00025,1.4902594610496804,1.3625516529101386e-05,0.00031076308029393354,0.7448121533822761,0.0,0.0,0.11871737658228508,12.175389045634597,1.2873084011532012,1.2979463077726818,0.13803812268944013,21.391299901689802,26.527613467012998,142.4930291863766,2888410624
115,13685,0.00025,1.4859067310101142,1.4280625004580038e-05,0.00031836247659859955,0.742627862584654,0.0,0.0,0.1267689231684599,12.136530359459933,1.2909429118746802,1.299733328819275,0.1035261167612459,21.390539132981072,26.470679141988512,142.79950959037018,2888410624
116,13804,0.00025,1.4824668309045217,1.4675364433522133e-05,0.00031668309648348776,0.7409093927454066,0.0,0.0,0.11903230061449072,12.117549484495132,1.322459746542431,1.3295737363043285,0.09339590649608345,21.773914527893066,26.07155887898989,144.98557671770686,2888410624
117,13923,0.00025,1.4810948024981867,1.4712498176820753e-05,0.0003306483009721709,0.7402093966171224,0.0,0.0,0.12095309443101682,12.087371529473199,1.3427162857282728,1.3534836332003275,0.09809299209820373,22.404796028137206,25.800886023032945,146.50659658065703,2888410624
118,14042,0.00025,1.4848572548104342,1.5265854167963394e-05,0.00033375744085152825,0.7420872365356123,0.0,0.0,0.12579218453515775,12.126163640097966,1.3782425199236188,1.3889391462008158,0.11483486085420563,22.739795630318778,26.40815042203758,143.13762757294782,2888410624
119,14161,0.00025,1.4798729306175595,1.5107390339758552e-05,0.0003441279014897725,0.7395847833976543,0.0,0.0,0.12035407420819398,12.088912990105847,1.3776959129742214,1.389569950671423,0.09000842820498206,22.92232136499314,26.332253572007176,143.5501898712678,2888410624
120,14280,0.000125,1.4789414727498615,1.576828837026143e-05,0.00034745136311612823,0.7391154033797128,0.0,0.0,0.11513883008685692,12.07711478642055,1.2527980560348146,1.2624532512256077,0.0710009554844527,20.66297678266253,25.36380053299945,149.0312934405098,2888410624
121,14399,0.000125,1.4588342530386789,1.5842515882882276e-05,0.0003341238363953948,0.7290750802509368,0.0,0.0,0.09690260313175343,11.904029467749217,1.2983445695468359,1.307146980648949,0.08268193898811227,21.377373431977773,25.059433070011437,150.84140129744264,2888410624
122,14518,0.000125,1.4564280893436816,1.6207160458405886e-05,0.0003369396746161064,0.7278690005736376,0.0,0.0,0.10375917068234196,11.880339676993234,1.3526062863213675,1.3616005204972768,0.08524107431682447,22.4086459841047,25.926984885998536,145.7940449543491,2888410624
123,14637,0.000125,1.4579582009996688,1.7117849978767385e-05,0.00035000331465785624,0.7286205413480284,0.0,0.0,0.10882385041978625,11.901249205372322,1.3381764485722496,1.3488201964469182,0.077504270168997,22.293504406156995,25.583031851041596,147.7541841799372,2888410624
124,14756,0.000125,1.4595815647846808,1.7076557206184598e-05,0.00036213838131285257,0.7294201056793254,0.0,0.0,0.10411906660233856,11.951167753512266,1.291218606630961,1.2974999620800927,0.08444777705839702,21.295220375061035,25.111555559036788,150.52830921259707,2888410624
125,14875,0.000125,1.452592753228687,1.7786146926237197e-05,0.00035811658414627704,0.7259293635055502,0.0,0.0,0.11047189241206204,11.886714956495497,1.31999671459198,1.3283941774141221,0.10378077585427534,21.657700075422014,25.172543804976158,150.16360798834967,2888410624
126,14994,0.000125,1.4520451215209154,1.8033617506882855e-05,0.00036091300841820025,0.7256526312500081,0.0,0.0,0.10484945666853082,11.859136017289742,1.3214728241875058,1.3309681449617659,0.088039254086713,21.797803724379765,25.52517113101203,148.08911488187658,2888410624
127,15113,0.000125,1.4508767881090678,1.78780889813973e-05,0.0003648841482274254,0.7250645693647798,0.0,0.0,0.10401808818181356,11.876613871256511,1.3151048495655968,1.3240094690095812,0.09465542232529038,21.614884730747768,25.666090935992543,147.276030830981,2888410624
128,15232,0.000125,1.4473440208132304,1.8701556694746835e-05,0.0003653793157171951,0.7232972815553979,0.0,0.0,0.10346344763797427,11.82410401944761,1.3178960050855364,1.3271304681187583,0.0963890905004172,21.88529217129662,25.304349459998775,149.3814336533504,2888410624
129,15351,0.000125,1.4445983887980225,1.9483854890813023e-05,0.0003767242439112148,0.7219127262080157,0.0,0.0,0.10737755867066207,11.814383955859633,1.3599870256015232,1.3695454114959353,0.10019977261267957,22.83305862063453,25.275497509050183,149.5519523857652,2888410624
130,15470,0.000125,1.4512281676448842,1.9715699219704167e-05,0.0004068877929870887,0.7251973372287851,0.0,0.0,0.10895440572153324,11.855188173970218,1.313211250872839,1.3219253148351398,0.10054670453426384,21.578396243140812,25.492564210959245,148.2785320738735,2888410624
131,15589,0.000125,1.4424184911465519,2.0107942413877933e-05,0.0003829529032507842,0.7208162407395701,0.0,0.0,0.10604289630575786,11.806748055150269,1.3100293176514761,1.3193372874032883,0.09487745544562737,21.753326134454635,25.331597356998827,149.22075172474783,2888410624
132,15708,0.000125,1.4418270222093694,2.055469863104422e-05,0.00039321419446625643,0.7205100177457093,0.0,0.0,0.1069517883358809,11.800200530965492,1.3070509547278994,1.3136027512096224,0.08649867444875695,21.606360035850887,33.90934512997046,111.47369509826015,2888410624
133,15827,0.000125,1.4456344753346115,2.102529098592833e-05,0.00039907140201807673,0.7224076518306026,0.0,0.0,0.10197079960237104,11.818857168772864,1.3357278772762844,1.345851289090656,0.09092182701542265,22.26494627453032,39.21206888102461,96.39889217447558,2888410624
134,15946,0.000125,1.4413910639979852,2.125863760180658e-05,0.0003972127968962822,0.7202876897085281,0.0,0.0,0.10448598695731667,11.778805147403132,1.3608189480645316,1.3691237364496505,0.09920667995299612,22.395281818934848,38.004591360047925,99.4616667283443,2888410624
135,16065,0.000125,1.437257148979833,2.1310023449014233e-05,0.0004023727768706897,0.7182155459646195,0.0,0.0,0.10046786435697444,11.786671384175618,1.3703221213249934,1.3805540465173267,0.10469098229493413,22.84329168228876,37.50312578299781,100.79159859559434,2888410624
136,16184,0.000125,1.4441037889510866,2.1934876613110728e-05,0.0004155886658866491,0.7216253410571467,0.0,0.0,0.11041665787576999,11.799002773547299,1.354332016763233,1.3620543570745558,0.0932639398035549,22.27951134272984,35.58684340398759,106.2190303615533,2888410624
137,16303,0.000125,1.4376941561068177,2.2243723892234144e-05,0.0004144317929992679,0.7184215232808754,0.0,0.0,0.10615725572462435,11.762871908763099,1.300978128115336,1.305804629552932,0.08842627750266166,21.395026997157505,36.58337940002093,103.32561020860301,2888410624
138,16422,0.000125,1.4375508941670574,2.217524403436097e-05,0.00041941477148424065,0.7183449453147001,0.0,0.0,0.10605956781162787,11.772098190065414,1.340906176112947,1.349627008892241,0.09521901309490204,22.13597684587751,40.378119247965515,93.61505861099408,2888410624
139,16541,0.000125,1.4326273592691572,2.271355002622364e-05,0.0004204986327778666,0.715881824114966,0.0,0.0,0.11065813181182695,11.72572642129565,1.3427976801281885,1.3506681192488896,0.0954930050387269,22.31624618711926,38.72161458100891,97.61989630086109,2888410624
140,16660,0.000125,1.4335918535000434,2.3529530399991446e-05,0.000426562130389607,0.716357599490534,0.0,0.0,0.10786015504094028,11.744702222107579,1.3305840679577419,1.3377663090115501,0.10757278814202263,21.924663525535948,40.288490766019095,93.82332095666888,2888410624
141,16779,0.000125,1.4272213547318071,2.368804394675877e-05,0.00042718075863800196,0.7131716527636089,0.0,0.0,0.10141003638821304,11.689078158424014,1.3574720780054728,1.3647187726838248,0.10955846912804104,22.41100194113595,45.52792452397989,83.0259678982082,2888410624
142,16898,0.000125,1.42665799584969,2.4152926687353225e-05,0.0004309985370291446,0.7128859220989167,0.0,0.0,0.1084649560628114,11.684096561411701,1.366998485156468,1.375819382781074,0.12769888240311827,23.05090411049979,40.53929446398979,93.24286596447048,2888410624
143,17017,0.000125,1.4301615528328708,2.459456946545052e-05,0.00044957686230422014,0.7146188994564077,0.0,0.0,0.10957710718509381,11.718994533195698,1.3799566791171118,1.3897410353024802,0.09344647689057248,23.014605240594772,49.84421797702089,75.83627857784127,2888410624
144,17136,0.000125,1.4288335618518648,2.504981810623711e-05,0.00043939340794360435,0.7139648617260039,0.0,0.0,0.10561391172496967,11.712576798534897,1.371778070359003,1.3799888979820978,0.10488740273174785,22.645642026265463,228.1839302359731,16.565583720514272,2888410624
145,17255,0.000125,1.4243242059435164,2.6153632947527088e-05,0.0004518595981170182,0.7116971637206103,0.0,0.0,0.10935481405132032,11.683541560299181,1.3322866224107288,1.341009483450935,0.123755568194957,22.13889873141334,166.73274548799964,22.67101155766706,2888410624
146,17374,0.000125,1.4276063531794876,2.610684850734533e-05,0.0004545685451443273,0.7133355539311808,0.0,0.0,0.10893734881171474,11.713305864889154,1.3574218205043247,1.3644098622458323,0.1060176894068718,22.384880229404995,35.36306623701239,106.89118343600255,2888410624
147,17493,0.000125,1.4256159421628114,2.729412540801118e-05,0.00046911100085785304,0.7123252116813862,0.0,0.0,0.11454511366035572,11.710967681521462,1.399955259618305,1.4122884614127023,0.14526969048948515,23.618222463698615,39.79236982302973,94.99308578028783,2888410624
148,17612,0.000125,1.4207339063523308,2.7056857315646656e-05,0.0004803550314458787,0.7098730702248831,0.0,0.0,0.10500197706241456,11.650528160983292,1.420978840192159,1.4292136572656178,0.1012132411201795,23.720030248732794,37.807244906027336,99.98083725475013,2888410624
149,17731,0.000125,1.4189059246154059,2.7399472056126725e-05,0.0004663701581882027,0.7089728935055001,0.0,0.0,0.09990839399594478,11.635980815988368,1.3980769696689788,1.407900017216092,0.10201328127157121,23.302437273661294,39.11471468699165,96.63882327274426,2888410624
150,17850,0.000125,1.4217738685784516,2.843959190175627e-05,0.0004892645602695959,0.7103834507011232,0.0,0.0,0.11430348813849152,11.681808550395663,1.4379543031964983,1.4471038562910898,0.11514932818356015,24.004470125834146,28.06803206197219,134.67278331640895,2888410624
